,Data Updated:,"May 23, 2025",,,,,,,,,,,,,,
,No,Site Name (ABR),Node Name (NCE),Site Name (Thai),Site Name (SOR),Site Name (Confirmed),Management IP (Loopback IP),NE Type,Access Network,Region,ABR,,,,,
Count >>,674,674,674,674,674,674,674,674,674,674,674,,,,,
,1,HQ_HQ_A9K_1,HQ_HQ_A9K_1,สำนักงานใหญ่ กฟภ. (อสก.3),สำนักงานใหญ่ กฟภ. (อสก.3),สำนักงานใหญ่ กฟภ. (อสก.3),10.10.0.1,3rd-Party ICMP Device,"PE,1",HQ,HQ,,,,,
,2,C1_SS_BSA_NE40,C1_SS_BSA_NE40,สฟฟ.บางไทร,สฟฟ.บางไทร,สฟฟ.บางไทร,10.10.0.170,NE40E-X3A(V8),"PE,1",C1,BSA,,,,,
,3,C1_SS_PJA_NE40,C1_SS_PJA_NE40,สฟฟ.พระพุทธบาท 1,สฟฟ.พระพุทธบาท 1,สฟฟ.พระพุทธบาท 1,10.10.0.171,NE40E-X3A(V8),"PE,4",C1,PJA,,,,,
,4,C1_SS_PLU_NE40,C2_SS_PLU_NE40,สฟฟ.ปลวกแดง 1,สฟฟ.ปลวกแดง 1,สฟฟ.ปลวกแดง 1,10.10.0.172,NE40E-X3A(V8),"PE,8,9,20",C2,PLU,,,,,
,5,C1_SS_BNP_NE40,New_C3_SS_BNP_NE40,สฟฟ.บ้านแพ้ว,สฟฟ.บ้านแพ้ว,สฟฟ.บ้านแพ้ว,10.10.0.173,NE40E-X3A(V8),"PE,13,21",C3,BNP,,,,,
,6,C1_SS_PAB_NE40,C1_SS_PAB_NE40,สฟฟ.ปราจีนบุรี 2,สฟฟ.ปราจีนบุรี 2,สฟฟ.ปราจีนบุรี 2,10.10.0.174,NetEngine 8000 M14,"PE,5,6",C1,PAB,,,,,
,7,IP Access Data Center 1,HQ_DC1_NE8KM14_1,IP Access Data Center 1,IP Access Data Center 1,IP Access Data Center 1,10.10.0.175,NetEngine 8000 M14,PE,HQ,DC1,,,,,
,8,IP Access Data Center 2,HQ_DC2_NE8KM14_1,IP Access Data Center 2,IP Access Data Center 2,IP Access Data Center 2,10.10.0.176,NetEngine 8000 M14,PE,HQ,DC2,,,,,
,9,SMC,HQ_SMC_NE8KM14_1,PE SMC 1,PE SMC 1,PE SMC 1,10.10.0.177,NetEngine 8000 M14,"PE,1",HQ,SMC,,,,,
,10,C1_SS_LLL_NE8KM14_1,C1_SS_LLL_NE8KM14_1,สฟฟ.ลำลูกกา 2,สฟฟ.ลำลูกกา 2,สฟฟ.ลำลูกกา 2,10.10.0.178,NetEngine 8000 M14,"PE,2",C1,LLL,,,,,
,11,DC9910_R1,DC9910_R1,IP Access Data Center 1,IP Access Data Center 1,IP Access Data Center 1,10.10.0.3,3rd-Party ICMP Device,"PE,1",HQ,DC1,,,,,
,12,C3_EO_SPI_A9K,C3_EO_SPI_A9K,กฟจ.สุพรรณบุรี(PE.Suphan Buri),กฟจ.สุพรรณบุรี,กฟจ.สุพรรณบุรี,10.10.0.36,3rd-Party ICMP Device,"PE,11",C3,SPI,,,,,
,13,C1_SS_OKK_NE40,C1_SS_OKA_NE40,สฟฟ.องครักษ์,สฟฟ.องครักษ์,สฟฟ.องครักษ์,10.10.0.37,NE40E-X3(V8),"PE,2,5",C1,OKA,,,,,
,14,C1_SS_NTE_NE40,C1_SS_NSI_NE40,สฟฟ.นนทรี,สฟฟ.นนทรี,สฟฟ.นนทรี,10.10.0.38,NE40E-X3(V8),"PE,5,6",C1,NSI,,,,,
,15,C1_SS_SEN_NE40,C1_SS_SNA_NE40,สฟฟ.เสนา,สฟฟ.เสนา,สฟฟ.เสนา,10.10.0.39,NE40E-X3(V8),"PE,1",C1,SNA,,,,,
,16,DC9910_R2,DC9910_R2,IP Access Data Center 2,IP Access Data Center 2,IP Access Data Center 2,10.10.0.4,3rd-Party ICMP Device,"PE,1",HQ,DC2,,,,,
,17,C1_SS_WNN_NE40,C1_SS_WYA_NE40,สฟฟ.วังน้ำเย็น,สฟฟ.วังน้ำเย็น,สฟฟ.วังน้ำเย็น,10.10.0.40,NE40E-X3(V8),"PE,6,10",C1,WYA,,,,,
,18,C1_EO_SBI_NE40,C1_EO_SBI_NE40,กฟจ.สระบุรี,กฟจ.สระบุรี,กฟจ.สระบุรี,10.10.0.41,NE40E-X3(V8),"PE,4",C1,SBI,,,,,
,19,C1_EO_RST_NE40,C1_EO_RST_NE40,กฟฟ.รังสิต,กฟฟ.รังสิต,กฟฟ.รังสิต,10.10.0.42,NE40E-X3(V8),"PE,1,2",C1,RST,,,,,
,20,C2_SS_BAB1_NE40,C2_SS_BBA_NE40,สฟฟ.บ้านบึง 1,สฟฟ.บ้านบึง 1,สฟฟ.บ้านบึง 1,10.10.0.43,NE40E-X3(V8),"PE,8,14,20",C2,BBA,,,,,
,21,C2_SS_CTR_NE40,C2_SS_CTA_NE40,สฟฟ.จันทบุรี(ES.Chanthaburi),สฟฟ.จันทบุรี,สฟฟ.จันทบุรี,10.10.0.44,NE40E-X3(V8),"PE,10",C2,CTA,,,,,
,22,C2_SS_KLA1_NE40,C2_SS_KAA_NE40,สฟฟ.แกลง 1,สฟฟ.แกลง 1,สฟฟ.แกลง 1,10.10.0.45,NE40E-X3(V8),"PE,10,20",C2,KAA,,,,,
,23,C2_SS_CCS_NE40,C2_SS_CCA_NE40,สฟฟ.ฉะเชิงเทรา(ES.Chachoengsao),สฟฟ.ฉะเชิงเทรา,สฟฟ.ฉะเชิงเทรา,10.10.0.46,NE40E-X3(V8),"PE,7",C2,CCA,,,,,
,24,C2_SS_RAY3_NE40,C2_SS_RAC_NE40,สฟฟ.ระยอง 3,สฟฟ.ระยอง 3,สฟฟ.ระยอง 3,10.10.0.47,NE40E-X3(V8),"PE,9",C2,RAC,,,,,
,25,C2_EO_BLM_NE40,C2_EO_BLM_NE40,"กฟภ.เมืองพัทยา
(PEA.Muang Pattaya)",กฟภ.เมืองพัทยา,กฟภ.เมืองพัทยา,10.10.0.48,NE40E-X3(V8),"PE,9",C2,BLM,,,,,
,26,C3_SS_BLN_NE40,C3_SS_BEA_NE40,สฟฟ.บางเลน,สฟฟ.บางเลน,สฟฟ.บางเลน,10.10.0.49,NE40E-X3(V8),"PE,11,12",C3,BEA,,,,,
,27,C3_SS_BAP2_NE40,C3_SS_BPB_NE40,สฟฟ.บ้านโป่ง 2,สฟฟ.บ้านโป่ง 2,สฟฟ.บ้านโป่ง 2,10.10.0.50,NE40E-X3(V8),"PE,11,12,15",C3,BPB,,,,,
,28,C3_SS_KTA_NE40,C3_SS_KTA_NE40,สฟฟ.กระทุ่มแบน 1,สฟฟ.กระทุ่มแบน 1,สฟฟ.กระทุ่มแบน 1,10.10.0.51,NE40E-X3(V8),"PE,13,21",C3,KTA,,,,,
,29,C3_WH_KCI_NE40,C3_WH_KCI_NE40,คลังพัสดุกาญจนบุรี,คลังพัสดุกาญจนบุรี,คลังพัสดุกาญจนบุรี,10.10.0.52,NE40E-X3(V8),"PE,11,15",C3,KCI,,,,,
,30,C2_SS_CBA_NE040,New_C2_CBA_NE040_SS,สฟฟ.ชลบุรี 1,สฟฟ.ชลบุรี 1,สฟฟ.ชลบุรี 1,10.10.0.53,NE40E-X3(V8),"PE,7,14",C2,CBA,,,,,
,31,C2_SS_KPO_NE40,New_C2_SS_KPO_NE40,สฟฟ.เกาะโพธิ์,สฟฟ.เกาะโพธิ์,สฟฟ.เกาะโพธิ์,10.10.0.54,NE40E-X3(V8),"PE,7,14",C2,KPO,,,,,
,32,C1_E0_PTN_NE40,C1_EO_PTN_NE40,กฟจ.ปทุมธานี,กฟจ.ปทุมธานี,กฟจ.ปทุมธานี,10.10.0.55,NE40E-X3A(V8),"PE,1",C1,PTN,,,,,
,33,C1_E0_BHK_NE40,C1_EO_BHK_NE40,กฟฟ.บ้านหินกอง,กฟฟ.บ้านหินกอง,กฟฟ.บ้านหินกอง,10.10.0.56,NE40E-X3A(V8),"PE,4",C1,BHK,,,,,
,34,C1_ADDC_A9910_R1,C1_ADDC_A9910_R1,ศจฟ.กฟก.1 (อยุธยา),ศจฟ. กฟก.1 (อยุธยา) ,ศจฟ.กฟก.1,10.10.0.57,3rd-Party ICMP Device,"PE,1,2,3,4",C1,AYY,,,,,
,35,C1_ADDC_A9910_R2,C1_ADDC_A9910_R2,ศจฟ.กฟก.1 (อยุธยา),ศจฟ. กฟก.1 (อยุธยา) ,ศจฟ.กฟก.1,10.10.0.58,3rd-Party ICMP Device,"PE,1,2,3,4",C1,AYY,,,,,
,36,C2_ADDC_CBR_A9K_R1,C2_ADDC_CBR_A9910_R1,ศจฟ.กฟก.2 (ชลบุรี),ศจฟ.กฟก.2 ,ศจฟ.กฟก.2,10.10.0.59,3rd-Party ICMP Device,"PE,7,8",C2,CBR,,,,,
,37,C2_ADDC_CBR_A9K_R2,C2_ADDC_CBR_A9910_R2,ศจฟ.กฟก.2 (ชลบุรี),ศจฟ.กฟก.2 ,ศจฟ.กฟก.2,10.10.0.60,3rd-Party ICMP Device,"PE,7,8",C2,CBR,,,,,
,38,C3_ADDC_A9910_R1,C3_ADDC_A9910_R1,ศจฟ. กฟก.3 (นครปฐม) (EDC. C.3 (Nakhon Pathom)),ศจฟ. กฟก.3 ,ศจฟ.กฟก.3,10.10.0.61,3rd-Party ICMP Device,"PE,12,13",C3,NPM,,,,,
,39,C3_ADDC_A9910_R2,C3_ADDC_A9910_R2,ศจฟ. กฟก.3 (นครปฐม) (EDC. C.3 (Nakhon Pathom)),ศจฟ. กฟก.3 ,ศจฟ.กฟก.3,10.10.0.62,3rd-Party ICMP Device,"PE,12,13",C3,NPM,,,,,
,40,C1_ADDC_EO_AYY_NE08_1,C1_ADDC_EO_AYY_NE08_1,ศจฟ.กฟก.1 (อยุธยา)(Ayutthaya),ศจฟ.กฟก.1,ศจฟ.กฟก.1,10.10.50.1,NE08E-S6,1,C1,AYY,,,,,
,41,C1_SS_SKK_NE08_1,C1_SS_SKK_NE08_1,กฟส.สามโคก,กฟส.สามโคก,กฟส.สามโคก,10.10.50.10,NE08E-S6,1,C1,SKK,,,,,
,42,C1_SS_TMS_NE08_1,C1_SS_TMS_NE08_1,สฟฟ.ธรรมศาสตร์,สฟฟ.ธรรมศาสตร์,สฟฟ.ธรรมศาสตร์,10.10.50.11,NE08E-S6,1,C1,TMS,,,,,
,43,C1_HQ_EO_NE08_1,HQ_EO_NE08_1,สำนักงานใหญ่ กฟภ. (อสก.3),สำนักงานใหญ่ กฟภ. (อสก.3),สำนักงานใหญ่ กฟภ. (อสก.3),10.10.50.12,NE08E-S6,1,HQ,HQ,,,,,
,44,C1_ADDC_EO_AYA_NE8K_1,C1_ADDC_EO_AYY_NE8K_3,ศจฟ.กฟก.1 (อยุธยา),ศจฟ. กฟก.1 (อยุธยา) ,ศจฟ.กฟก.1,10.10.50.128,NetEngine 8000 M6,3,C1,AYY,,,,,
,45,C1_SS_SNA_NE08_2,C1_SS_SNA_NE08_2,สฟฟ.เสนา(ES.Sena),สฟฟ.เสนา,สฟฟ.เสนา,10.10.50.129,NE08E-S6,3,C1,SNA,,,,,
,46,C1_SS_BMA_NE08_1,C1_SS_BMA_NE08_1,สฟฟ.บ้านใหม่(ES.Ban Mai),สฟฟ.บ้านใหม่,สฟฟ.บ้านใหม่,10.10.50.13,NE08E-S6,1,C1,BMA,,,,,
,47,C1_EO_PHI_NE08_1,C1_EO_PHI_NE08_1,กฟอ.ผักไห่(DE.Phak Hai),กฟอ.ผักไห่,กฟอ.ผักไห่,10.10.50.130,NE08E-S6,3,C1,PHI,,,,,
,48,C1_SS_ATB_NE8K_1,New_C1_SS_ATB_NE8K_1,สฟฟ.อ่างทอง 2,สฟฟ.อ่างทอง 2,สฟฟ.อ่างทอง 2,10.10.50.131,NetEngine 8000 M6,3,C1,ATB,,,,,
,49,C1_SS_ATA_NE8K_1,New_C1_SS_ATA_NE8K_1,สฟฟ.อ่างทอง 1,สฟฟ.อ่างทอง 1,สฟฟ.อ่างทอง 1,10.10.50.132,NetEngine 8000 M6,3,C1,ATA,,,,,
,50,C1_SS_BPI_NE08_1,C1_SS_BPI_NE08_1,สฟฟ.บางปะหัน(ES.Bang Pa Han),สฟฟ.บางปะหัน,สฟฟ.บางปะหัน,10.10.50.133,NE08E-S6,3,C1,BPI,,,,,
,51,C1_EO_BGH_NE08_1,C1_EO_BGH_NE08_1,กฟส.บางปะหัน(BE.Bang Pa Han),กฟส.บางปะหัน,กฟส.บางปะหัน,10.10.50.134,NE08E-S6,3,C1,BGH,,,,,
,52,C1_SS_DOP_NE08_1,New_C1_SS_DOP_NE08_1,สฟฟ.ดอนพุด,สฟฟ.ดอนพุด,สฟฟ.ดอนพุด,10.10.50.135,NE08E-S6E,3,C1,DOP,,,,,
,53,C1_E0_ATA_NE08_1,New_C1_EO_ATG_NE08_1,กฟจ.อ่างทอง,กฟจ.อ่างทอง,กฟจ.อ่างทอง,10.10.50.136,NE08E-S6E,3,C1,ATG,,,,,
,54,C1_E0_PMK_NE08_1,New_C1_EO_PMK_NE08_1,กฟอ.ป่าโมก,กฟส.ป่าโมก,กฟส.ป่าโมก,10.10.50.137,NE08E-S6E,3,C1,PMK,,,,,
,55,C1_E0_WCN_NE08_1,New_C1_EO_WCN_NE08_1,กฟส.วิเศษชัยชาญ,กฟส.วิเศษชัยชาญ,กฟส.วิเศษชัยชาญ,10.10.50.138,NE08E-S6E,3,C1,WCN,,,,,
,56,C1_E0_PTG_NE08_1,C1_EO_PTG_NE8K_1,กฟส.โพธิ์ทอง,กฟส.โพธิ์ทอง,กฟส.โพธิ์ทอง,10.10.50.139,NetEngine 8000 M6,3,C1,PTG,,,,,
,57,C1_SS_BPN_NE08_1,C1_SS_BPN_NE08_1,สฟฟ.บางพูน(ES.Bang Phun),สฟฟ.บางพูน,สฟฟ.บางพูน,10.10.50.14,NE08E-S6,1,C1,BPN,,,,,
,58,C1_EO_BSI_NE8K_1,New_C1_EO_BSI_NE8K_1,กฟย.บางซ้าย,กฟย.บางซ้าย,กฟย.บางซ้าย,10.10.50.140,NetEngine 8000 M6,3,C1,BSI,,,,,
,59,C1_EO_BBN_NE8K_1,C1_EO_BBN_NE8K_1,กฟย.บางบาล,กฟย.บางบาล,กฟย.บางบาล,10.10.50.141,NetEngine 8000 M6,3,C1,BBN,,,,,
,60,C1_SS_AYC_NE8K_1,New_C1_SS_AYC_NE8K_1,สฟฟ.อยุธยา 3,สฟฟ.อยุธยา 3,สฟฟ.อยุธยา 3,10.10.50.142,NetEngine 8000 M6,3,C1,AYC,,,,,
,61,C1_SS_AYB_NE8K_1,C1_SS_AYB_NE8K_1,สฟฟ.อยุธยา 2,สฟฟ.อยุธยา 2,สฟฟ.อยุธยา 2,10.10.50.143,NE08E-S6E,3,C1,AYB,,,,,
,62,C1_EO_SMK_NE8K_1,New_C1_EO_SMK_NE8K_1,กฟย.สามโก้,กฟย.สามโก้,กฟย.สามโก้,10.10.50.144,NetEngine 8000 M6,3,C1,SMK,,,,,
,63,C1_EO_SWH_NE8K_1,New_C1_EO_SWH_NE8K_1,กฟย.แสวงหา,กฟย.แสวงหา,กฟย.แสวงหา,10.10.50.145,NetEngine 8000 M6,3,C1,SWH,,,,,
,64,C1_EO_CYO_NE8K_1,New_C1_EO_CYO_NE8K_1,กฟย.ไชโย,กฟย.ไชโย,กฟย.ไชโย,10.10.50.146,NetEngine 8000 M6,3,C1,CYO,,,,,
,65,C1_EO_BPK_NE8K_1,C1_EO_BPK_NE8K_1,กฟย.บ้านแพรก,กฟย.บ้านแพรก,กฟย.บ้านแพรก,10.10.50.147,NetEngine 8000 M6,3,C1,BPK,,,,,
,66,C1_EO_DOP_NE8K_1,New_C1_EO_DPT_NE8K_1,กฟย.ดอนพุด,กฟย.ดอนพุด,กฟย.ดอนพุด,10.10.50.148,NetEngine 8000 M6,3,C1,DPT,,,,,
,67,C1_EO_MHR_NE8K_1,New_C1_EO_MHR_NE8K_1,กฟย.มหาราช,กฟย.มหาราช,กฟย.มหาราช,10.10.50.149,NetEngine 8000 M6,3,C1,MHR,,,,,
,68,C1_SS_BDA_NE08_1,C1_SS_BDA_NE08_1,สฟฟ.บางกระดี(ES.Bang Kadi),สฟฟ.บางกระดี,สฟฟ.บางกระดี,10.10.50.15,NE08E-S6,1,C1,BDA,,,,,
,69,C1_WH_ATB_NE8K_1,C1_WH_ATG_NE8K_1,คลังพัสดุอ่างทอง,คลังพัสดุอ่างทอง,คลังพัสดุอ่างทอง,10.10.50.150,NetEngine 8000 M6,3,C1,ATG,,,,,
,70,C1_ADDC_EO_AYY_NE08_5,C1_ADDC_EO_AYY_NE08_5,ศจฟ.กฟก.1 (อยุธยา),ศจฟ. กฟก.1 (อยุธยา) ,ศจฟ.กฟก.1,10.10.50.151,NE08E-S6,3,C1,AYY,,,,,
,71,C1_SS_ATC_NE08_1,C1_SS_ATC_NE08_1,สฟฟ.อ่างทอง 3,สฟฟ.อ่างทอง 3,สฟฟ.อ่างทอง 3,10.10.50.152,NE08E-S6E,3,C1,ATC,,,,,
,72,C1_ADDC_EO_AYY_NE8K_6,C1_ADDC_EO_AYY_NE8K_6,ศจฟ.กฟก1 (อาคาร4),ศจฟ.กฟก1 (อาคาร4),ศจฟ.กฟก.1,10.10.50.153,NetEngine 8000 M6,3,C1,AYY,,,,,
,73,C1_EO_PTN_NE08_1,C1_EO_PTI_NE08_1,กฟจ.ปทุมธานี(PE.Pathum Thani),กฟจ.ปทุมธานี,กฟจ.ปทุมธานี,10.10.50.16,NE08E-S6,1,C1,PTI,,,,,
,74,C1_EO_LLO_NE08_1,C1_EO_LLO_NE08_1,กฟอ.ลาดหลุมแก้ว,กฟอ.ลาดหลุมแก้ว,กฟอ.ลาดหลุมแก้ว,10.10.50.17,NE08E-S6,1,C1,LLO,,,,,
,75,C1_SS_LAK_NE08_1,C1_SS_LAK_NE08_1,สฟฟ.ลาดหลุมแก้ว,สฟฟ.ลาดหลุมแก้ว,สฟฟ.ลาดหลุมแก้ว,10.10.50.18,NE08E-S6,1,C1,LAK,,,,,
,76,C1_SS_SNO_NE08_1,C1_SS_SNO_NE08_1,สฟฟ.ไทรน้อย,สฟฟ.ไทรน้อย,สฟฟ.ไทรน้อย,10.10.50.19,NE08E-S6,1,C1,SNO,,,,,
,77,C1_ADDC_EO_AYY_NE08_4,C1_ADDC_EO_AYY_NE8K_4,ศจฟ.กฟก.1 อยุธยา,ศจฟ.กฟก.1 อยุธยา,ศจฟ.กฟก.1,10.10.50.192,NetEngine 8000 M6,4,C1,AYY,,,,,
,78,C1_SS_BPH_NE08_1,C1_SS_BPH_NE08_1,สฟฟ.บางพระครู,สฟฟ.บางพระครู,สฟฟ.บางพระครู,10.10.50.193,NE08E-S6,4,C1,BPH,,,,,
,79,C1_SS_TLA_NE08_1,C1_SS_TLA_NE08_1,สฟฟ.ท่าลาน 1,สฟฟ.ท่าลาน 1,สฟฟ.ท่าลาน 1,10.10.50.194,NE08E-S6,4,C1,TLA,,,,,
,80,C1_SS_TLC_NE08_1,C1_SS_TLC_NE08_1,สฟฟ.ท่าลาน 3,สฟฟ.ท่าลาน 3,สฟฟ.ท่าลาน 3,10.10.50.195,NE08E-S6,4,C1,TLC,,,,,
,81,C1_SS_PKE_NE08_1,C1_SS_PKE_NE08_1,สฟฟ.พุแค,สฟฟ.พุแค,สฟฟ.พุแค,10.10.50.196,NE08E-S6,4,C1,PKE,,,,,
,82,C1_EO_SBI_NE08_1,C1_EO_SBI_NE8K_1,กฟจ.สระบุรี,กฟจ.สระบุรี,กฟจ.สระบุรี,10.10.50.197,NetEngine 8000 M6,4,C1,SBI,,,,,
,83,C1_SS_SRA_NE08_1,C1_SS_SRA_NE08_1,สฟฟ.สระบุรี 1,สฟฟ.สระบุรี 1,สฟฟ.สระบุรี 1,10.10.50.198,NE08E-S6,4,C1,SRA,,,,,
,84,C1_SS_SRE_NE08_1,C1_SS_SRE_NE08_1,สฟฟ.สระบุรี 5,สฟฟ.สระบุรี 5,สฟฟ.สระบุรี 5,10.10.50.199,NE08E-S6,4,C1,SRE,,,,,
,85,C1_SS_BNL_NE08_1,C1_SS_BNL_NE08_1,สฟฟ.บ้านเลน,สฟฟ.บ้านเลน 1,สฟฟ.บ้านเลน 1,10.10.50.2,NE08E-S6,1,C1,BNL,,,,,
,86,C1_SS_LBL_NE08_1,C1_SS_LBL_NE08_1,สฟฟ.ลาดบัวหลวง,สฟฟ.ลาดบัวหลวง,สฟฟ.ลาดบัวหลวง,10.10.50.20,NE08E-S6,1,C1,LBL,,,,,
,87,C1_EO_BHK_NE08_1,C1_EO_BHK_NE08_1,กฟฟ.บ้านหินกอง(PEA.Ban Hin Kong),กฟฟ.บ้านหินกอง,กฟฟ.บ้านหินกอง,10.10.50.200,NE08E-S6,4,C1,BHK,,,,,
,88,C1_SS_NPL_NE08_1,C1_SS_NPL_NE08_1,สฟฟ.หนองปลิง(ES.Nong Pling),สฟฟ.หนองปลิง,สฟฟ.หนองปลิง,10.10.50.201,NE08E-S6,4,C1,NPL,,,,,
,89,C1_SS_NOH_NE08_1,C1_SS_NOH_NE08_1,สฟฟ.หนองแค 1,สฟฟ.หนองแค 1,สฟฟ.หนองแค 1,10.10.50.202,NE08E-S6,4,C1,NOH,,,,,
,90,C1_SS_WAA_NE08_1,C1_SS_WAA_NE08_1,สฟฟ.วังน้อย(ES.Wang Noi),สฟฟ.วังน้อย,สฟฟ.วังน้อย,10.10.50.203,NE08E-S6,4,C1,WAA,,,,,
,91,C1_SS_RCN_NE08_1,C1_SS_RCN_NE08_1,สฟฟ.โรจนะ 1(ES.Rojana 1),สฟฟ.โรจนะ 1,สฟฟ.โรจนะ 1,10.10.50.204,NE08E-S6,4,C1,RCN,,,,,
,92,C1_SS_SRB_NE08_1,C1_SS_SRB_NE08_1,สฟฟ.สระบุรี 2,สฟฟ.สระบุรี 2,สฟฟ.สระบุรี 2,10.10.50.205,NE08E-S6,4,C1,SRB,,,,,
,93,C1_EO_KKI_NE08_1,C1_EO_KKI_NE08_1,กฟอ.แก่งคอย,กฟอ.แก่งคอย,กฟอ.แก่งคอย,10.10.50.206,NE08E-S6,4,C1,KKI,,,,,
,94,C1_SS_TDA_NE08_1,C1_SS_TDA_NE08_1,สฟฟ.ตาลเดี่ยว,สฟฟ.ตาลเดี่ยว,สฟฟ.ตาลเดี่ยว,10.10.50.207,NE08E-S6,4,C1,TDA,,,,,
,95,C1_E0_NKL_NE08_1,C1_EO_NLG_NE08_1,กฟส.นครหลวง,กฟส.นครหลวง,กฟส.นครหลวง,10.10.50.208,NE08E-S6E,4,C1,NLG,,,,,
,96,C1_SS_NKL_NE08_1,C1_SS_NKL_NE08_1,สฟฟ.นครหลวง,สฟฟ.นครหลวง,สฟฟ.นครหลวง,10.10.50.209,NE08E-S6E,4,C1,NKL,,,,,
,97,C1_SS_SNA_NE08_1,C1_SS_SNA_NE08_1,สฟฟ.เสนา,สฟฟ.เสนา,สฟฟ.เสนา,10.10.50.21,NE08E-S6,1,C1,SNA,,,,,
,98,C1_EO_PCH_NE08_1,C1_EO_PCH_NE08_1,กฟย.ภาชี,กฟย.ภาชี,กฟย.ภาชี,10.10.50.210,NE08E-S6E,4,C1,PCH,,,,,
,99,C1_E0_TRE_NE08_1,C1_EO_TRE_NE08_1,กฟส.ท่าเรือ,กฟส.ท่าเรือ,กฟอ.ท่าเรือ,10.10.50.211,NE08E-S6E,4,C1,TRE,,,,,
,100,C1_SS_MLK_NE08_1,C1_SS_MLK_NE08_1,สฟฟ.มวกเหล็ก,สฟฟ.มวกเหล็ก,สฟฟ.มวกเหล็ก,10.10.50.212,NE08E-S6E,4,C1,MLK,,,,,
,101,C1_SS_WAM_NE08_1,C1_SS_WAM_NE08_1,สฟฟ.วังม่วง,สฟฟ.วังม่วง,สฟฟ.วังม่วง,10.10.50.213,NE08E-S6E,4,C1,WAM,,,,,
,102,C1_E0_PJA_NE08_1,C1_EO_PPT_NE08_1,กฟอ.พระพุทธบาท,กฟอ.พระพุทธบาท,กฟอ.พระพุทธบาท,10.10.50.214,NE08E-S6E,4,C1,PPT,,,,,
,103,C1_SS_RCQ_NE08_1,New_C1_SS_RCQ_NE08_1,สฟฟ.โรจนะ 3,สฟฟ.โรจนะ 3,สฟฟ.โรจนะ 3,10.10.50.215,NE08E-S6E,4,C1,RCQ,,,,,
,104,C1_SS_RCR_NE08_1,New_C1_SS_RCR_NE08_1,สฟฟ.โรจนะ 4,สฟฟ.โรจนะ 4,สฟฟ.โรจนะ 4,10.10.50.216,NE08E-S6E,4,C1,RCR,,,,,
,105,C1_SS_BLS_NE08_1,New_C1_SS_BLS_NE08_1,สฟฟ.บ้านลาดทราย,สฟฟ.บ้านลาดทราย,สฟฟ.บ้านลาดทราย,10.10.50.217,NE08E-S6E,4,C1,BLS,,,,,
,106,C1_SS_WAB_NE08_1,C1_SS_WAB_NE8K_1,สฟฟ.วังน้อย2,สฟฟ.วังน้อย2,สฟฟ.วังน้อย 2 (ช),10.10.50.218,NetEngine 8000 M6,4,C1,WAB,,,,,
,107,C1_SS_SRD_NE08_1,New_C1_SS_SRD_NE08_1,สฟฟ.สระบุรี 4,สฟฟ.สระบุรี 4,สฟฟ.สระบุรี 4,10.10.50.219,NE08E-S6E,4,C1,RSD,,,,,
,108,C1_EO_SEN_NE08_1,C1_EO_SEN_NE08_1,กฟอ.เสนา(DE.Sena),กฟอ.เสนา,กฟอ.เสนา,10.10.50.22,NE08E-S6,1,C1,SEN,,,,,
,109,C1_SS_PJA_NE08_1,C1_SS_PJA_NE08_1,สฟฟ.พระพุทธบาท 1,สฟฟ.พระพุทธบาท 1,สฟฟ.พระพุทธบาท 1,10.10.50.220,NE08E-S6E,4,C1,PJA,,,,,
,110,C1_SS_NOI_NE08_1,New_C1_SS_NOI_NE08_1,สฟฟ.หนองแค 2,สฟฟ.หนองแค 2,สฟฟ.หนองแค 2,10.10.50.221,NE08E-S6E,4,C1,NOI,,,,,
,111,C1_SS_RCS_NE08_1,C1_SS_RCS_NE08_1,สฟฟ.โรจนะ 5,สฟฟ.โรจนะ 5,สฟฟ.โรจนะ 5,10.10.50.222,NE08E-S6,4,C1,RCS,,,,,
,112,C1_SS_PJB_NE08_1,C1_SS_PJB_NE08_1,สฟฟ.พระพุทธบาท 2,สฟฟ.พระพุทธบาท 2,สฟฟ.พระพุทธบาท 2,10.10.50.223,NE08E-S6E,4,C1,PJB,,,,,
,113,C1_EO_UTH_NE8K_1,New_C1_EO_UTH_NE8K_1,กฟส.อุทัย (แทรกกลาง),กฟส.อุทัย (แทรกกลาง),กฟส.อุทัย,10.10.50.224,NetEngine 8000 M6,4,C1,UTH,,,,,
,114,C1_EO_WAA_NE8K_1,C1_EO_WNI_NE08_1,กฟอ.วังน้อย,กฟอ.วังน้อย,กฟอ.วังน้อย,10.10.50.225,NE08E-S6E,4,C1,WNI,,,,,
,115,C1_EO_NOH_NE8K_1,New_C1_EO_NOK_NE8K_1,กฟอ.หนองแค,กฟอ.หนองแค,กฟอ.หนองแค,10.10.50.226,NetEngine 8000 M6,4,C1,NOK,,,,,
,116,C1_WH_SRA_NE8K_1,C1_WH_SBI_NE8K_1,คลังพัสดุสระบุรี,คลังพัสดุสระบุรี,คลังพัสดุสระบุรี,10.10.50.227,NetEngine 8000 M6,4,C1,SBI,,,,,
,117,C1_SS_SRF_NE8K_1,C1_SS_SRF_NE8K_1,สฟฟ.สระบุรี 6,สฟฟ.สระบุรี 6,สฟฟ.สระบุรี 6,10.10.50.228,NetEngine 8000 M6,4,C1,SRF,,,,,
,118,C1_SS_AYA_NE08_1,C1_SS_AYA_NE08_1,สฟฟ.อยุธยา 1,สฟฟ.อยุธยา 1,สฟฟ.อยุธยา 1,10.10.50.23,NE08E-S6,1,C1,AYA,,,,,
,119,C1_EO_BMO_NE8K_1,C1_EO_BMO_NE8K_1,กฟย.บ้านหมอ,กฟย.บ้านหมอ,กฟย.บ้านหมอ,10.10.50.230,NetEngine 8000 M6,4,C1,BMO,,,,,
,120,C1_EO_NSG_NE8K_1,C1_EO_NSG_NE8K_1,กฟย.หนองแซง,กฟย.หนองแซง,กฟย.หนองแซง,10.10.50.231,NetEngine 8000 M6,4,C1,NSG,,,,,
,121,C1_EO_SHI_NE8K_1,New_C1_EO_SHI_NE8K_1,กฟย.เสาไห้,กฟย.เสาไห้,กฟย.เสาไห้,10.10.50.232,NetEngine 8000 M6,4,C1,SHI,,,,,
,122,C1_EO_WAM_NE8K_1,C1_EO_WMG_NE8K_1,กฟย.วังม่วง,กฟย.วังม่วง,กฟย.วังม่วง,10.10.50.233,NetEngine 8000 M6,4,C1,WMG,,,,,
,123,C1_EO_SSN_NE8K_1,C1_EO_SSN_NE8K_1,กฟย.ซับสนุ่น,กฟย.ซับสนุ่น,กฟย.ซับสนุ่น,10.10.50.234,NetEngine 8000 M6,4,C1,SSN,,,,,
,124,C1_EO_MLK_NE8K_1,C1_EO_MKL_NE8K_1,กฟส.มวกเหล็ก,กฟส.มวกเหล็ก,กฟส.มวกเหล็ก,10.10.50.235,NetEngine 8000 M6,4,C1,MKL,,,,,
,125,C3_WH_TAR_NE8K_1,C1_WH_TRE_NE8K_1,คลังพัสดุท่าเรือ,คลังพัสดุท่าเรือ,คลังพัสดุท่าเรือ,10.10.50.236,NetEngine 8000 M6,4,C1,TRE,,,,,
,126,C1_EO_SRA_NE08_2,C1_EO_SBI_NE08_2,กฟจ.สระบุรี,กฟจ.สระบุรี,กฟจ.สระบุรี,10.10.50.237,NE08E-S6,4,C1,SBI,,,,,
,127,New_C1_EO_BHK_NE08_2,C1_EO_BHK_NE08_2,กฟฟ.บ้านหินกอง,กฟฟ.บ้านหินกอง,กฟฟ.บ้านหินกอง,10.10.50.238,NE08E-S6,4,C1,BHK,,,,,
,128,C1_WH_PJA_NE8K_1,C1_WH_PJA_NE8K_1,คลังพัสดุพระพุทธบาท,คลังพัสดุพระพุทธบาท,คลังพัสดุพระพุทธบาท,10.10.50.239,NetEngine 8000 M6,4,C1,PJA,,,,,
,129,C1_EO_AYY_NE08_1,C1_EO_AYY_NE08_1,กฟจ.อยุธยา,กฟจ.อยุธยา,กฟจ.อยุธยา,10.10.50.24,NE08E-S6,1,C1,AYY,,,,,
,130,C1_EO_NDN_NE8K_1,C1_EO_NDN_NE8K_1,กฟย.หนองโดน,กฟย.หนองโดน,กฟย.หนองโดน,10.10.50.240,NetEngine 8000 M6,4,C1,NDN,,,,,
,131,C1_SS_BSA_NE08_1,C1_SS_BSA_NE08_1,สฟฟ.บางไทร,สฟฟ.บางไทร,สฟฟ.บางไทร,10.10.50.25,NE08E-S6,1,C1,BSA,,,,,
,132,C1_EO_SAK_NE08_1,C1_EO_SKO_NE08_1,กฟส.สามโคก(BE.Sam Kok),กฟส.สามโคก,กฟส.สามโคก,10.10.50.26,NE08E-S6,1,C1,SKO,,,,,
,133,C1_SMC_NE08_1_HQ,C1_SMC_NE08_1_HQ,IP Access SMC 1,IP Access SMC 1,IP Access SMC 1,10.10.50.27,NE08E-S6E,1,HQ,SMC,,,,,
,134,C1_DC_NE08_1_HQ,C1_DC_NE08_1_HQ,IP Access Data Center 1,IP Access Data Center 1,IP Access Data Center 1,10.10.50.28,NE08E-S6E,1,HQ,DC1,,,,,
,135,C1_SS_BKT_NE08_1,New_C1_SS_BKT_NE08_1,สฟฟ.บางกระสั้น 2,สฟฟ.บางกระสั้น 2,สฟฟ.บางกระสั้น 2,10.10.50.29,NE08E-S6E,1,C1,BKT,,,,,
,136,C1_SS_BIB_NE08_1,C1_SS_BIB_NE08_1,สฟฟ.บางปะอิน 2,สฟฟ.บางปะอิน 2,สฟฟ.บางปะอิน 2,10.10.50.3,NE08E-S6,1,C1,BIB,,,,,
,137,C1_SS_PQB_NE08_1,New_C1_SS_PQB_NE08_1,สฟฟ.ปทุมธานี 2,สฟฟ.ปทุมธานี 2,สฟฟ.ปทุมธานี 2,10.10.50.30,NE08E-S6E,1,C1,PQB,,,,,
,138,C1_SS_PQC_NE08_1,New_C1_SS_PQC_NE08_1,สฟฟ.ปทุมธานี 3,สฟฟ.ปทุมธานี 3,สฟฟ.ปทุมธานี 3,10.10.50.31,NE08E-S6E,1,C1,PQC,,,,,
,139,C1_SS_NVA_NE08_1,New_C1_SS_NVA_NE08_1,สฟฟ.นวนคร 1,สฟฟ.นวนคร 1,สฟฟ.นวนคร 1,10.10.50.32,NE08E-S6E,1,C1,NVA,,,,,
,140,C1_SS_NVB_NE08_1,New_C1_SS_NVB_NE08_1,สฟฟ.นวนคร 2,สฟฟ.นวนคร 2,สฟฟ.นวนคร 2,10.10.50.33,NE08E-S6E,1,C1,NVB,,,,,
,141,C1_SS_NVC_NE08_1,New_C1_SS_NVC_NE08_1,สฟฟ.นวนคร 3,สฟฟ.นวนคร 3,สฟฟ.นวนคร 3,10.10.50.34,NE08E-S6E,1,C1,NVC,,,,,
,142,C1_SS_NVD_NE08_1,New_C1_SS_NVD_NE08_1,สฟฟ.นวนคร 4,สฟฟ.นวนคร 4,สฟฟ.นวนคร 4,10.10.50.35,NE08E-S6E,1,C1,NVD,,,,,
,143,C1_EO_PQB_NE08_1,New_C1_EO_PT2_NE08_1,กฟฟ.ปทุมธานี 2 (บางกระดี) ,กฟฟ.ปทุมธานี 2 (บางกระดี) ,กฟจ.ปทุมธานี 2,10.10.50.36,NE08E-S6E,1,C1,PT2,,,,,
,144,C1_SS_BMB_NE08_1,New_C1_SS_BMB_NE08_1,สฟฟ.บ้านใหม่ 2,สฟฟ.บ้านใหม่ 2,สฟฟ.บ้านใหม่ 2,10.10.50.37,NE08E-S6E,1,C1,BMB,,,,,
,145,C1_SS_BKU_NE08_1,New_C1_SS_BKU_NE08_1,สฟฟ.บางขันธ์ 2 ชั่วคราว,สฟฟ.บางขันธ์ 2 ชั่วคราว,สฟฟ.บางขันธ์ 2 (ช),10.10.50.39,NE08E-S6E,1,C1,BKU,,,,,
,146,C1_EO_PNI_NE08_1,C1_EO_PNI_NE08_1,กฟส.ประตูน้ำพระอินทร์,กฟส.ประตูน้ำพระอินทร์,กฟฟ.ประตูน้ำพระอินทร์,10.10.50.4,NE08E-S6,1,C1,PNI,,,,,
,147,C1_SS_PQA_NE08_1,New_C1_SS_PQA_NE08_1,สฟฟ.ปทุมธานี 1,สฟฟ.ปทุมธานี 1,สฟฟ.ปทุมธานี 1,10.10.50.40,NE08E-S6E,1,C1,PQA,,,,,
,148,C1_SS_PQD_NE08_1,New_C1_SS_PQD_NE08_1,สฟฟ.ปทุมธานี 4,สฟฟ.ปทุมธานี 4,สฟฟ.ปทุมธานี 4,10.10.50.41,NE08E-S6E,1,C1,PQD,,,,,
,149,C1_EO_BIA_NE08_1,New_C1_EO_BIN_NE08_1,กฟอ.บางปะอิน,กฟอ.บางปะอิน,กฟอ.บางปะอิน,10.10.50.42,NE08E-S6E,1,C1,BIN,,,,,
,150,C1_SS_BNM_NE08_1,New_C1_SS_BNM_NE08_1,สฟฟ.บ้านเลน 2,สฟฟ.บ้านเลน 2,สฟฟ.บ้านเลน 2,10.10.50.43,NE08E-S6E,1,C1,BNM,,,,,
,151,C1_EO_NE08_2_HQ,C1_EO_NE08_2_HQ,สำนักงานใหญ่ กฟภ. (อสก.3),สำนักงานใหญ่ กฟภ. (อสก.3),สำนักงานใหญ่ กฟภ. (อสก.3),10.10.50.45,NE08E-S6,1,HQ,HQ,,,,,
,152,C1_EO_RST_NE08_3,C1_EO_RST_NE08_3,กฟฟ.รังสิต,กฟฟ.รังสิต,กฟฟ.รังสิต,10.10.50.46,NE08E-S6E,1,C1,RST,,,,,
,153,C1_EO_LLO_NE08_2,New_C1_EO_LLO_NE08_2,กฟอ.ลาดหลุมแก้ว,กฟอ.ลาดหลุมแก้ว,กฟอ.ลาดหลุมแก้ว,10.10.50.47,NE08E-S6E,1,C1,LLO,,,,,
,154,C1_HQ_EO_DC_NE8K_2,C1_DC_NE8K_1_HQ,IP Access Data Center 2,IP Access Data Center 2,IP Access Data Center 2,10.10.50.48,NetEngine 8000 M6,1,HQ,DC2,,,,,
,155,C1_HQ_EO_SMC_NE8K_2,C1_SMC_NE8K_1_HQ,IP Access SMC 2,IP Access SMC 2,IP Access SMC 2,10.10.50.49,NetEngine 8000 M6,1,HQ,SMC,,,,,
,156,C1_SS_BKA_NE08_1,C1_SS_BKA_NE08_1,สฟฟ.บางขันธ์,สฟฟ.บางขันธ์ 1,สฟฟ.บางขันธ์ 1,10.10.50.5,NE08E-S6,1,C1,BKA,,,,,
,157,C1_HQ_EO_DRC_NE8K_1,C1_HQ_EO_DRC_NE8K_1,DRC#1,DRC#1,DRC#1,10.10.50.50,NetEngine 8000 M6,1,HQ,DRC1,,,,,
,158,C1_HQ_EO_DRC_NE8K_2,C1_HQ_EO_DRC_NE8K_2,DRC#2,DRC#2,DRC#2,10.10.50.51,NetEngine 8000 M6,1,HQ,DRC2,,,,,
,159,C1_WH_LAK_NE8K_1,New_C1_WH_LLO_NE8K_1,คลังพัสดุลาดหลุมแก้ว,คลังพัสดุลาดหลุมแก้ว,คลังพัสดุลาดหลุมแก้ว,10.10.50.52,NetEngine 8000 M6,1,C1,LLO,,,,,
,160,C1_EO_LBL_NE8K_1,C1_EO_LBL_NE8K_1,กฟส.ลาดบัวหลวง,กฟส.ลาดบัวหลวง,กฟส.ลาดบัวหลวง,10.10.50.53,NetEngine 8000 M6,1,C1,LLK,,,,,
,161,C1_EO_BSA_NE8K_1,New_C1_EO_BSA_NE8K_1,กฟย.บางไทร,กฟย.บางไทร,กฟย.บางไทร,10.10.50.54,NetEngine 8000 M6,1,C1,RST,,,,,
,162,C1_WH_RST_NE8K_1,C1_WH_RST_NE8K_1,คลังพัสดุรังสิต,คลังพัสดุรังสิต,คลังพัสดุรังสิต,10.10.50.55,NetEngine 8000 M6,1,C1,RST,,,,,
,163,C1_EO_RST_NE08_1,C1_EO_RST_NE08_1,กฟฟ.รังสิต(PEA.Rangsit),กฟฟ.รังสิต,กฟฟ.รังสิต,10.10.50.6,NE08E-S6,1,C1,RST,,,,,
,164,C1_ADDC_EO_AYY_NE08_2,C1_ADDC_EO_AYY_NE08_2,ศจฟ. กฟก.1 (อยุธยา) (Ayutthaya),ศจฟ. กฟก.1 ,ศจฟ.กฟก.1,10.10.50.64,NE08E-S6,2,C1,AYY,,,,,
,165,C1_SS_KYE_NE08_1,C1_SS_KYE_NE08_1,สฟฟ.โคกแย้(ES.kok Yae),สฟฟ.โคกแย้,สฟฟ.โคกแย้,10.10.50.65,NE08E-S6,2,C1,KYE,,,,,
,166,C1_SS_WIA_NE08_1,C1_SS_WIA_NE08_1,สฟฟ.วิหารแดง(ES.Wihan Daeng),สฟฟ.วิหารแดง,สฟฟ.วิหารแดง,10.10.50.66,NE08E-S6,2,C1,WIA,,,,,
,167,C1_SS_NYA_NE08_1,C1_SS_NYA_NE08_1,สฟฟ.นครนายก 1(ES.Nakhon Nayok 1),สฟฟ.นครนายก 1,สฟฟ.นครนายก 1,10.10.50.67,NE08E-S6,2,C1,NYA,,,,,
,168,C1_SS_OKA_NE08_1,C1_SS_OKA_NE08_1,สฟฟ.องครักษ์(ES.Ongkharak),สฟฟ.องครักษ์,สฟฟ.องครักษ์,10.10.50.68,NE08E-S6,2,C1,OKA,,,,,
,169,C1_SS_TYA_NE08_1,New_C1_SS_TYA_NE8K_1,สฟฟ.ธัญบุรี(ES.Thunyaburi),สฟฟ.ธัญบุรี,สฟฟ.ธัญบุรี,10.10.50.69,NetEngine 8000 M6,2,C1,TYA,,,,,
,170,C1_SS_BIA_NE08_1,C1_SS_BIA_NE08_1,สฟฟ.บางปะอิน 1,สฟฟ.บางปะอิน 1,สฟฟ.บางปะอิน 1,10.10.50.7,NE08E-S6,1,C1,BIA,,,,,
,171,C1_EO_RST_NE08_2,C1_EO_RST_NE08_2,กฟฟ.รังสิต(PEA.Rangsit),กฟฟ.รังสิต,กฟฟ.รังสิต,10.10.50.70,NE08E-S6,2,C1,RST,,,,,
,172,C1_SS_RCO_NE08_1,C1_SS_RCO_NE08_1,สฟฟ.โรจนะ 2(ES.Rojana 2),สฟฟ.โรจนะ 2,สฟฟ.โรจนะ 2,10.10.50.71,NE08E-S6,2,C1,RCO,,,,,
,173,C1_E0_KLO_NE08_1,New_C1_EO_KLG_NE08_1,กฟอ.คลองหลวง,กฟอ.คลองหลวง,กฟอ.คลองหลวง,10.10.50.72,NE08E-S6E,2,C1,KLO,,,,,
,174,C1_SS_KLO_NE08_1,New_C1_SS_KLO_NE08_1,สฟฟ.คลองหลวง,สฟฟ.คลองหลวง,สฟฟ.คลองหลวง,10.10.50.73,NE08E-S6E,2,C1,RGA,,,,,
,175,C1_SS_RGA_NE08_1,New_C1_SS_RGA_NE08_1,สฟฟ.รังสิต 1 (เมืองเอก),สฟฟ.รังสิต 1 (เมืองเอก),สฟฟ.รังสิต 1,10.10.50.74,NE08E-S6E,2,C1,RSA,,,,,
,176,C1_SS_RSA_NE08_1,New_C1_SS_RSA_NE08_1,สฟฟ.รังสิตใต้,สฟฟ.รังสิตใต้ 1,สฟฟ.รังสิตใต้ 1,10.10.50.75,NE08E-S6E,2,C1,RSA,,,,,
,177,C1_SS_KHL_NE08_1,New_C1_SS_KHL_NE08_1,สฟฟ.คลองสี่,สฟฟ.คลองสี่,สฟฟ.คลองสี่,10.10.50.76,NE08E-S6E,2,C1,LLK,,,,,
,178,C1_E0_LLK_NE08_1,New_C1_EO_LLK_NE08_1,กฟอ.ลำลูกกา,กฟอ.ลำลูกกา,กฟอ.ลำลูกกา,10.10.50.77,NE08E-S6E,2,C1,NE8,,,,,
,179,C1_SS_LLK_NE08_1,C1_SS_LLK_NE8K_1,สฟฟ.ลำลูกกา 1,สฟฟ.ลำลูกกา 1,สฟฟ.ลำลูกกา 1,10.10.50.78,NetEngine 8000 M6,2,C1,LLK,,,,,
,180,C1_SS_BNA_NE08_1,New_C1_EO_BNA_NE08_1,กฟอ.บ้านนา,กฟอ.บ้านนา,กฟส.บ้านนา,10.10.50.79,NE08E-S6E,2,C1,NE0,,,,,
,181,C1_SS_BKS_NE08_1,C1_SS_BKS_NE08_1,สฟฟ.บางกระสั้น 1,สฟฟ.บางกระสั้น 1,สฟฟ.บางกระสั้น 1,10.10.50.8,NE08E-S6,1,C1,BKS,,,,,
,182,C1_SS_GUN_NE80_1,New_C1_SS_GUN_NE08_1,สฟฟ.คลองหนึ่ง ชั่วคราว,สฟฟ.คลองหนึ่ง ชั่วคราว,สฟฟ.คลองหนึ่ง (ช),10.10.50.80,NE08E-S6E,2,C1,KIU,,,,,
,183,C1_SS_KIU_NE80_1,New_C1_SS_KIU_NE08_1,สฟฟ.คลองสอง ชั่วคราว,สฟฟ.คลองสอง ชั่วคราว,สฟฟ.คลองสอง (ช),10.10.50.81,NE08E-S6E,2,C1,RSB,,,,,
,184,C1_SS_RSB_NE08_1,New_C1_SS_RSB_NE08_1,สฟฟ.รังสิตใต้ 2 ชั่วคราว,สฟฟ.รังสิตใต้ 2 ชั่วคราว,สฟฟ.รังสิตใต้ 2 (ช),10.10.50.82,NE08E-S6E,2,C1,RSB,,,,,
,185,C1_SS_KLJ_NE08_1,New_C1_SS_KHC_NE08_1,สฟฟ.คลองเจ็ด ชั่วคราว,สฟฟ.คลองเจ็ด ชั่วคราว,สฟฟ.คลองเจ็ด (ช),10.10.50.83,NE08E-S6E,2,C1,LLL,,,,,
,186,C1_SS_LLL_NE08_1,New_C1_SS_LLL_NE08_1,สฟฟ.ลำลูกกา 2,สฟฟ.ลำลูกกา 2,สฟฟ.ลำลูกกา 2,10.10.50.84,NE08E-S6E,2,C1,NE0,,,,,
,187,C1_SS_KHU_NE08_1,C1_SS_KQA_NE08_1,สฟฟ.คูคต ชั่วคราว,สฟฟ.คูคต ชั่วคราว,สฟฟ.คูคต (ช),10.10.50.85,NE08E-S6E,2,C1,KQA,,,,,
,188,C1_EO_RST_NE08_4,C1_EO_RST_NE08_4,กฟฟ.รังสิต(PEA.Rangsit),กฟฟ.รังสิต,กฟฟ.รังสิต,10.10.50.86,NE08E-S6E,2,C1,TYA,,,,,
,189,C1_SS_TYA_NE08_2,New_C1_SS_TYA_NE08_2,สฟฟ.ธัญบุรี,สฟฟ.ธัญบุรี,สฟฟ.ธัญบุรี,10.10.50.87,NE08E-S6E,2,C1,NNS,,,,,
,190,C1_EO_NNS_NE8K_1,New_C1_EO_NNS_NE8K_1,กฟส.หนองเสือ,กฟส.หนองเสือ,กฟส.หนองเสือ,10.10.50.88,NetEngine 8000 M6,2,C1,TYI,,,,,
,191,C1_EO_TYA_NE8K_1,New_C1_EO_TYI_NE8K_1,กฟอ.ธัญบุรี,กฟอ.ธัญบุรี,กฟอ.ธัญบุรี,10.10.50.89,NetEngine 8000 M6,2,C1,NE0,,,,,
,192,C1_SS_BIC_NE08_1,C1_SS_BIC_NE08_1,สฟฟ.บางปะอิน 3,สฟฟ.บางปะอิน 3,สฟฟ.บางปะอิน 3,10.10.50.9,NE08E-S6,1,C1,BIC,,,,,
,193,C1_SS_MUB_NE8K_1,C1_SS_MUB_NE8K_1,สฟฟ.เมืองเอก 2,สฟฟ.เมืองเอก 2,สฟฟ.เมืองเอก 2,10.10.50.90,NetEngine 8000 M6,2,C1,MUB,,,,,
,194,C1_WH_AYA_NE8K_1,New_C1_WH_AYA_NE8K_1,คลังพัสดุอยุธยา,คลังพัสดุอยุธยา,คลังพัสดุอยุธยา,10.10.50.91,NetEngine 8000 M6,2,C1,WDG,,,,,
,195,C1_EO_WIA_NE8K_1,New_C1_EO_WDG_NE8K_1,กฟส.วิหารแดง,กฟส.วิหารแดง,กฟส.วิหารแดง,10.10.50.92,NetEngine 8000 M6,2,C1,NE8,,,,,
,196,C1_WH_TYA_NE8K_1,C1_WH_TYI_NE8K_1,คลังพัสดุธัญบุรี,คลังพัสดุธัญบุรี,คลังพัสดุธัญบุรี,10.10.50.93,NetEngine 8000 M6,2,C1,TYI,,,,,
,197,C1_SS_LLL_NE8K_2,C1_SS_LLL_NE8K_2,สฟฟ.ลำลูกกา 2,สฟฟ.ลำลูกกา 2,สฟฟ.ลำลูกกา 2,10.10.50.94,NetEngine 8000 M6,2,C1,LLL,,,,,
,198,C1_SS_TYU_NE8K_1,C1_SS_TYU_NE8K_1,สฟฟ.หนองเสือ (ชค),สฟฟ.หนองเสือ (ชค),สฟฟ.หนองเสือ (ชค),10.10.50.95,NetEngine 8000 M6,4,C1,TYU,,,,,
,199,C1_SS_LLM_NE08_1,C1_SS_LLM_NE08_1,สฟฟ.ลำลูกกา 3,สฟฟ.ลำลูกกา 3,สฟฟ.ลำลูกกา 3,10.10.50.96,NE08E-S6E,4,C1,LLM,,,,,
,200,C1_SS_OKA_NE08_2,C1_SS_OKA_NE08_2,สฟฟ.องครักษ์(ES.Ongkharak),สฟฟ.องครักษ์,สฟฟ.องครักษ์,10.10.51.0,NE08E-S6,5,C1,OKA,,,,,
,201,C1_SS_NYB_NE08_1,C1_SS_NYB_NE08_1,สฟฟ.นครนายก 2(ES.Nakhon Nayok 2),สฟฟ.นครนายก 2,สฟฟ.นครนายก 2,10.10.51.1,NE08E-S6,5,C1,NYB,,,,,
,202,C1_EO_PCK_NE08_1,New_C1_EO_PCM_NE08_1,กฟส.ประจันตคาม,กฟส.ประจันตคาม,กฟส.ประจันตคาม,10.10.51.10,NE08E-S6E,5,C1,SMQ,,,,,
,203,C1_SS_SMQ_NE08_1,New_C1_SS_SMQ_NE08_1,สฟฟ.ศรีมหาโพธิ 2 ชั่วคราว,สฟฟ.ศรีมหาโพธิ 2 ชั่วคราว,สฟฟ.ศรีมหาโพธิ 2 (ช),10.10.51.11,NE08E-S6E,5,C1,NE0,,,,,
,204,C1_EO_BSG_NE8K_1,C1_EO_BSG_NE8K_1,กฟส.บ้านสร้าง,กฟส.บ้านสร้าง,กฟส.บ้านสร้าง,10.10.51.12,NE08E-S6,5,C1,BSG,,,,,
,205,C1_WH_SNA_NE8K_1,C1_WH_SEN_NE8K_1,คลังพัสดุเสนา,คลังพัสดุเสนา,คลังพัสดุเสนา,10.10.51.129,NetEngine 8000 M6,1,C1,SEN,,,,,
,206,C1_EO_SMS_NE8K_1,New_C1_EO_SMS_NE8K_1,กฟอ.ศรีมโหสถ (แทรกกลาง),กฟอ.ศรีมโหสถ (แทรกกลาง),กฟย.ศรีมโหสถ,10.10.51.13,NetEngine 8000 M6,5,C1,SMS,,,,,
,207,C1_EO_PTI_NE08_2,C1_EO_PTI_NE08_2,กฟจ.ปทุมธานี#2(PE.Pathum Thani),กฟจ.ปทุมธานี#2,กฟจ.ปทุมธานี,10.10.51.132,NE08E-S6,1,C1,PTI,,,,,
,208,C1_EO_SMP_NE8K_1,New_C1_EO_SPO_NE8K_1,กฟอ.ศรีมหาโพธิ (แทรกกลาง),กฟอ.ศรีมหาโพธิ (แทรกกลาง),กฟอ.ศรีมหาโพธิ,10.10.51.14,NetEngine 8000 M6,5,C1,SPO,,,,,
,209,C1_WH_PAA_NE8K_1,C1_WH_PBI_NE08_1,คลังพัสดุปราจีนบุรี,คลังพัสดุปราจีนบุรี,คลังพัสดุปราจีนบุรี,10.10.51.15,NE08E-S6,5,C1,PBI,,,,,
,210,C1_EO_PKP_NE8K_1,C1_EO_PKP_NE8K_1,กฟย.ปากพลี,กฟย.ปากพลี,กฟย.ปากพลี,10.10.51.16,NetEngine 8000 M6,5,C1,PKP,,,,,
,211,C1_WH_NYA_NE8K_1,C1_WH_NNK_NE8K_1,คลังพัสดุนครนายก,คลังพัสดุนครนายก,คลังพัสดุนครนายก,10.10.51.17,NetEngine 8000 M6,5,C1,NNK,,,,,
,212,C1_SS_BSA_NE08_2,C1_SS_BSA_NE08_2,สฟฟ.บางไทร,สฟฟ.บางไทร,สฟฟ.บางไทร,10.10.51.193,NE08E-S6,1,C1,BSA,,,,,
,213,C1_SS_PAA_NE08_1,C1_SS_PAA_NE08_1,สฟฟ.ปราจีนบุรี 1(ES.Prachin Buri 1),สฟฟ.ปราจีนบุรี 1,สฟฟ.ปราจีนบุรี 1,10.10.51.2,NE08E-S6,5,C1,PAA,,,,,
,214,C1_EO_PTI_NE08_3,C1_EO_PTI_NE08_3,กฟจ.ปทุมธานี#3(PE.Pathum Thani),กฟจ.ปทุมธานี#3,กฟจ.ปทุมธานี,10.10.51.212,NE08E-S6,1,C1,PTI,,,,,
,215,C1_EO_PBI_NE08_1,C1_EO_PBI_NE8K_1,กฟจ.ปราจีนบุรี(PE.Prachin Buri),กฟจ.ปราจีนบุรี,กฟจ.ปราจีนบุรี,10.10.51.3,NetEngine 8000 M6,5,C1,PBI,,,,,
,216,C1_SS_PCK_NE08_1,C1_SS_PCK_NE08_1,สฟฟ.ประจันตคาม(ES.Prachantakham),สฟฟ.ประจันตคาม,สฟฟ.ประจันตคาม,10.10.51.4,NE08E-S6,5,C1,PCK,,,,,
,217,C1_SS_NSI_NE08_1,C1_SS_NSI_NE08_1,สฟฟ.นนทรี(ES.Nonsri),สฟฟ.นนทรี,สฟฟ.นนทรี,10.10.51.5,NE08E-S6,5,C1,NSI,,,,,
,218,C1_SS_SMP_NE08_1,C1_SS_SMP_NE08_1,สฟฟ.ศรีมหาโพธิ์(ES.Si Maha Phot),สฟฟ.ศรีมหาโพธิ์,สฟฟ.ศรีมหาโพธิ์,10.10.51.6,NE08E-S6,5,C1,SMP,,,,,
,219,C1_SS_NSI_NE08_2,C1_SS_NSI_NE08_2,สฟฟ.นนทรี(ES.Nonsri),สฟฟ.นนทรี,สฟฟ.นนทรี,10.10.51.64,NE08E-S6,6,C1,NSI,,,,,
,220,C1_EO_KBR_NE08_1,C1_EO_KBR_NE08_1,กฟอ.กบินทร์บุรี(DE.Kabin Buri),กฟอ.กบินทร์บุรี,กฟอ.กบินทร์บุรี,10.10.51.65,NE08E-S6,6,C1,KBR,,,,,
,221,C1_SS_KBJ_NE08_1,C1_SS_KBJ_NE8K_1,สฟฟ.กบินทร์บุรี 2(ES.Kabin Buri 2),สฟฟ.กบินทร์บุรี 2,สฟฟ.กบินทร์บุรี 2,10.10.51.66,NetEngine 8000 M6,6,C1,KBJ,,,,,
,222,C1_SS_KBI_NE08_1,C1_SS_KBI_NE08_1,สฟฟ.กบินทร์บุรี 1(ES.Kabin Buri 1),สฟฟ.กบินทร์บุรี 1,สฟฟ.กบินทร์บุรี 1,10.10.51.67,NE08E-S6,6,C1,KBI,,,,,
,223,C1_SS_SKW_NE8K_1,New_C1_SS_SKW_NE8K_1,สฟฟ.สระแก้ว,สฟฟ.สระแก้ว,สฟฟ.สระแก้ว,10.10.51.68,NetEngine 8000 M6,6,C1,SKW,,,,,
,224,C1_SS_PAB_NE08_1,C1_SS_PAB_NE08_1,สฟฟ.ปราจีนบุรี 2(ES.Prachin Buri 2),สฟฟ.ปราจีนบุรี 2,สฟฟ.ปราจีนบุรี 2,10.10.51.69,NE08E-S6,6,C1,PAB,,,,,
,225,C1_SS_BSG_NE08_1,C1_SS_BSG_NE8K_1,สฟฟ.บ้านสร้าง(ES.Ban Sang),สฟฟ.บ้านสร้าง,สฟฟ.บ้านสร้าง,10.10.51.7,NetEngine 8000 M6,5,C1,BSG,,,,,
,226,C1_EO_SKI_NE08_1,C1_EO_SKE_NE8K_1,กฟจ.สระแก้ว(PE.Sa Kaeo),กฟจ.สระแก้ว,กฟจ.สระแก้ว,10.10.51.70,NetEngine 8000 M6,6,C1,SKE,,,,,
,227,C1_SS_WNA_NE08_1,C1_SS_WNA_NE08_1,สฟฟ.วัฒนานคร(ES.Wattananakorn),สฟฟ.วัฒนานคร,สฟฟ.วัฒนานคร,10.10.51.71,NE08E-S6,6,C1,WNA,,,,,
,228,C1_EO_WTN_NE08_1,C1_EO_WTN_NE08_1,กฟอ.วัฒนานคร(DE.Wattananakorn),กฟอ.วัฒนานคร,กฟอ.วัฒนานคร,10.10.51.72,NE08E-S6,6,C1,WTN,,,,,
,229,C1_SS_ARA_NE08_1,C1_SS_ARA_NE08_1,สฟฟ.อรัญประเทศ 1(ES.Aranyaprathet 1),สฟฟ.อรัญประเทศ 1,สฟฟ.อรัญประเทศ 1,10.10.51.73,NE08E-S6,6,C1,ARA,,,,,
,230,C1_EO_APT_NE08_1,C1_EO_APT_NE08_1,กฟอ.อรัญประเทศ(DE.Aranyaprathet),กฟอ.อรัญประเทศ,กฟอ.อรัญประเทศ,10.10.51.74,NE08E-S6,6,C1,APT,,,,,
,231,C1_SS_WYA_NE08_1,C1_SS_WYA_NE08_1,สฟฟ.วังน้ำเย็น,สฟฟ.วังน้ำเย็น,สฟฟ.วังน้ำเย็น,10.10.51.75,NE08E-S6,6,C1,WYA,,,,,
,232,C1_EO_WNN_NE08_1,C1_EO_WNN_NE08_1,กฟอ.วังน้ำเย็น(DE.Wang Nam Yen),กฟอ.วังน้ำเย็น,กฟอ.วังน้ำเย็น,10.10.51.76,NE08E-S6,6,C1,WNN,,,,,
,233,C1_EO_NAD_NE08_1,New_C1_EO_NAD_NE08_1,กฟส.นาดี,กฟส.นาดี,กฟส.นาดี,10.10.51.77,NE08E-S6E,6,C1,NAD,,,,,
,234,C1_SS_KBK_NE08_1,C1_SS_KBK_NE08_1,สฟฟ.กบินทร์บุรี 3 ชั่วคราว,สฟฟ.กบินทร์บุรี 3 ชั่วคราว,สฟฟ.กบินทร์บุรี 3 (ช),10.10.51.78,NE08E-S6E,6,C1,KBK,,,,,
,235,C1_SS_KBL_NE08_1,New_C1_SS_KBL_NE08_1,สฟฟ.กบินทร์บุรี 4 ชั่วคราว,สฟฟ.กบินทร์บุรี 4 ชั่วคราว,สฟฟ.กบินทร์บุรี 4 (ช),10.10.51.79,NE08E-S6E,6,C1,KBL,,,,,
,236,C1_EO_OKK_NE08_1,C1_EO_OKK_NE08_1,กฟส.องครักษ์(BE.Ongkharak),กฟส.องครักษ์,กฟส.องครักษ์,10.10.51.8,NE08E-S6,5,C1,OKK,,,,,
,237,C1_EO_ARB_NE08_1,New_C1_SS_ARB_NE08_1,สฟฟ.อรัญประเทศ 2,สฟฟ.อรัญประเทศ 2,สฟฟ.อรัญประเทศ 2,10.10.51.80,NE08E-S6E,6,C1,ARB,,,,,
,238,C1_EO_TTU_NE8K_1,C1_EO_TTM_NE8K_1,กฟย.ท่าตูม,กฟย.ท่าตูม,กฟย.ท่าตูม,10.10.51.81,NetEngine 8000 M6,6,C1,TTM,,,,,
,239,C1_WH_KBI_NE8K_1,New_C1_WH_KBR_NE8K_1,คลังพัสดุกบินทร์บุรี,คลังพัสดุกบินทร์บุรี,คลังพัสดุกบินทร์บุรี,10.10.51.82,NetEngine 8000 M6,6,C1,KBR,,,,,
,240,C1_EO_WTK_NE8K_1,New_C1_EO_WTK_NE8K_1,กฟย.วังตะเคียน,กฟย.วังตะเคียน,กฟย.วังตะเคียน,10.10.51.83,NetEngine 8000 M6,6,C1,WTK,,,,,
,241,C1_WH_KCK_NE8K_1,New_C1_EO_KCK_NE8K_1,กฟย.เขาฉกรรจ์ (แทรกกลาง),กฟย.เขาฉกรรจ์ (แทรกกลาง),กฟย.เขาฉกรรจ์,10.10.51.84,NetEngine 8000 M6,6,C1,KCK,,,,,
,242,C1_WH_WSB_NE8K_1,New_C1_EO_WSB_NE8K_1,กฟย.วังสมบูรณ์,กฟย.วังสมบูรณ์,กฟย.วังสมบูรณ์,10.10.51.85,NetEngine 8000 M6,6,C1,WSB,,,,,
,243,C1_EO_KHT_NE8K_1,New_C1_EO_KHT_NE8K_1,กฟย.คลองหาด (แทรกกลาง),กฟย.คลองหาด (แทรกกลาง),กฟย.คลองหาด,10.10.51.86,NetEngine 8000 M6,6,C1,KHT,,,,,
,244,C1_WH_KKS_NE8K_1,New_C1_EO_KKS_NE8K_1,กฟย.โคกสูง,กฟย.โคกสูง,กฟย.โคกสูง,10.10.51.87,NetEngine 8000 M6,6,C1,KKS,,,,,
,245,C1_EO_TPY_NE8K_1,New_C1_EO_TPY_NE8K_1,กฟย.ตาพระยา,กฟย.ตาพระยา,กฟย.ตาพระยา,10.10.51.88,NetEngine 8000 M6,6,C1,TPY,,,,,
,246,C1_WH_SKI_NE8K_1,C1_WH_SKE_NE8K_1,คลังพัสดุสระแก้ว,คลังพัสดุสระแก้ว,คลังพัสดุสระแก้ว,10.10.51.89,NE08E-S6,6,C1,SKE,,,,,
,247,C1_EO_NYA_NE08_1,C1_EO_NNK_NE08_1,กฟจ.นครนายก,กฟจ.นครนายก,กฟจ.นครนายก,10.10.51.9,NE08E-S6E,5,C1,NNK,,,,,
,248,C1_WH_ARA_NE8K_1,C1_WH_APT_NE8K_1,คลังพัสดุอรัญประเทศ,คลังพัสดุอรัญประเทศ,คลังพัสดุอรัญประเทศ,10.10.51.90,NetEngine 8000 M6,6,C1,APT,,,,,
,249,C1_SS_PAB_NE8K_2,C1_SS_PAB_NE8K_2,สฟฟ.ปราจีนบุรี 2,สฟฟ.ปราจีนบุรี 2,สฟฟ.ปราจีนบุรี 2,10.10.51.91,NetEngine 8000 M6,6,C1,PAB,,,,,
,250,C1_SS_PAB_NE8K_3_E1,C1_SS_PAB_NE8K_3_E1,สฟฟ.ปราจีนบุรี 2,สฟฟ.ปราจีนบุรี 2,สฟฟ.ปราจีนบุรี 2,10.10.51.92,NetEngine 8000 M6,5,C1,PAB,,,,,
,251,C1_SS_KBR_NE08_1,C1_SS_KBR_NE08_1,สฟฟ.กบินทร์บุรี 6 (ชค)(บ่อทอง 33),สฟฟ.กบินทร์บุรี 6 (ชค)(บ่อทอง 33),สฟฟ.กบินทร์บุรี 6 (ชค)(บ่อทอง 33),10.10.51.93,NE08E-S6E,6,C1,KBR,,,,,
,252,C2_SS_BBA_NE08_1,C2_SS_BBA_NE8K_1,สฟฟ.บ้านบึง 1(ES.Ban Bueng 1),สฟฟ.บ้านบึง 1,สฟฟ.บ้านบึง 1,10.10.52.1,NetEngine 8000 M6,14,C2,BBA,,,,,
,253,C2_SS_PHA_NE08_1,C2_SS_PHA_NE08_1,สฟฟ.พนมสารคาม(ES. Phanomsarakham),สฟฟ.พนมสารคาม,สฟฟ.พนมสารคาม,10.10.52.10,NE08E-S6,7,C2,PHA,,,,,
,254,C2_SS_PZA_NE08_1,C2_SS_PZA_NE8K_1,สฟฟ.ปิ่นทอง 1,สฟฟ.ปิ่นทอง 1,สฟฟ.ปิ่นทอง,10.10.52.106,NetEngine 8000 M6,8,C2,PZA,,,,,
,255,C2_SS_PZB_NE8K_1,C2_SS_PZC_NE8K_1,สฟฟ.ปิ่นทอง 3,สฟฟ.ปิ่นทอง 3,สฟฟ.ปิ่นทอง 3,10.10.52.109,NetEngine 8000 M6,8,C2,PZC,,,,,
,256,C2_EO_SKY_NE08_1,C2_EO_SKY_NE08_1,กฟส.สนามชัยเขต(BE.Sanam Chai Khet),กฟส.สนามชัยเขต,กฟส.สนามชัยเขต,10.10.52.11,NE08E-S6,7,C2,SKY,,,,,
,257,C2_SS_HEB_NE8K_1,C2_SS_HEB_NE8K_1,สฟฟ.เหมราช 2,สฟฟ.เหมราช 2,สฟฟ.เหมราช 2,10.10.52.110,NetEngine 8000 M6,8,C2,HEB,,,,,
,258,C2_SS_BNH_NE08_1,C2_SS_BNH_NE08_1,สฟฟ.บึง 1(ES.Bueng 1),สฟฟ.บึง 1,สฟฟ.บึง 1,10.10.52.111,NE08E-S6,8,C2,BNH,,,,,
,259,C2_SS_PZW_NE08_1,C2_SS_PZW_NE08_1,สฟฟ.ปิ่นทอง 2,สฟฟ.ปิ่นทอง 2,สฟฟ.ปิ่นทอง 2,10.10.52.112,NE08E-S6E,8,C2,PZW,,,,,
,260,C2_SS_SCB_NE8K_1,C2_SS_SCB_NE08_1,สฟฟ.ศรีราชา 2,สฟฟ.ศรีราชา 2,สฟฟ.ศรีราชา 2,10.10.52.113,NE08E-S6E,8,C2,SCB,,,,,
,261,C2_SS_SNK_NE08_1,C2_SS_SNK_NE08_1,สฟฟ.สนามชัยเขต(ES.Sanam Chai Khet),สฟฟ.สนามชัยเขต,สฟฟ.สนามชัยเขต,10.10.52.12,NE08E-S6,7,C2,SNK,,,,,
,262,C2_EO_BLM_NE08_1,C2_EO_BLM_NE08_1,กฟภ.เมืองพัทยา (PEA.Muang Pattaya (Banglamung)),กฟภ.เมืองพัทยา,กฟภ.เมืองพัทยา,10.10.52.128,NE08E-S6,9,C2,BLM,,,,,
,263,C2_SS_LCB_NE08_1,C2_SS_LCB_NE08_1,สฟฟ.แหลมฉบัง 2(ES.Laem Chabang 2),สฟฟ.แหลมฉบัง 2,สฟฟ.แหลมฉบัง 2,10.10.52.129,NE08E-S6,9,C2,LCB,,,,,
,264,C2_EO_BOT_NE08_1,C2_EO_BOT_NE08_1,กฟย.บ่อทอง(ESS.Bo Thong),กฟย.บ่อทอง,กฟย.บ่อทอง,10.10.52.13,NE08E-S6,14,C2,BOT,,,,,
,265,C2_SS_LCA_NE08_1,C2_SS_LCA_NE08_1,สฟฟ.แหลมฉบัง 1(ES.Laem Chabang 1),สฟฟ.แหลมฉบัง 1,สฟฟ.แหลมฉบัง 1,10.10.52.130,NE08E-S6,9,C2,LCA,,,,,
,266,C2_SS_APA_NE08_1,C2_SS_APA_NE8K_1,สฟฟ.อ่าวไผ่ 1 (ES.Ao Phai 1),สฟฟ.อ่าวไผ่ 1 ,สฟฟ.อ่าวไผ่ 1 ,10.10.52.131,NetEngine 8000 M6,9,C2,APA,,,,,
,267,C2_SS_KMK_NE08_1,C2_SS_KMK_NE08_1,สฟฟ.เขาไม้แก้ว(ES.Khao Mai Kaew),สฟฟ.เขาไม้แก้ว,สฟฟ.เขาไม้แก้ว,10.10.52.132,NE08E-S6,9,C2,KMK,,,,,
,268,C2_SS_NKP_NE08_1,C2_SS_NKP_NE08_1,สฟฟ.นิคมพัฒนา(ES.Nikhom Phattana),สฟฟ.นิคมพัฒนา,สฟฟ.นิคมพัฒนา,10.10.52.133,NE08E-S6,9,C2,NKP,,,,,
,269,C2_SS_RAB_NE08_1,C2_SS_RAB_NE08_1,สฟฟ.ระยอง 2(ES.Rayong 2),สฟฟ.ระยอง 2,สฟฟ.ระยอง 2,10.10.52.134,NE08E-S6,9,C2,RAB,,,,,
,270,C2_SS_RAC_NE08_1,C2_SS_RAC_NE08_1,สฟฟ.ระยอง 3(ES.Rayong 3),สฟฟ.ระยอง 3,สฟฟ.ระยอง 3,10.10.52.135,NE08E-S6,9,C2,RAC,,,,,
,271,C2_SS_BJA_NE08_1,C2_SS_BJA_NE08_1,สฟฟ.บ้านฉาง(ES.Ban Chang),สฟฟ.บ้านฉาง,สฟฟ.บ้านฉาง,10.10.52.136,NE08E-S6,9,C2,BJA,,,,,
,272,C2_SS_CHT_NE08_1,C2_SS_CHT_NE8K_1,สฟฟ.จอมเทียน(ES.Chom Thian),สฟฟ.จอมเทียน,สฟฟ.จอมเทียน,10.10.52.137,NetEngine 8000 M6,9,C2,CHT,,,,,
,273,C2_SS_PYT_NE08_1,C2_SS_PYT_NE08_1,สฟฟ.พัทยาใต้(ES.South Pattaya),สฟฟ.พัทยาใต้,สฟฟ.พัทยาใต้,10.10.52.138,NE08E-S6,9,C2,PYT,,,,,
,274,C2_WH_PTY_NE08_1,C2_SS_PTY2_NE08_1,สฟฟ.พัทยาใต้ 2,สฟฟ.พัทยาใต้ 2,สฟฟ.พัทยาใต้ 2,10.10.52.139,NE08E-S6,9,C2,PTY,,,,,
,275,C2_SS_KPO_NE8K_1,C2_SS_KPO_NE08_1,สฟฟ.เกาะโพธิ์,สฟฟ.เกาะโพธิ์,สฟฟ.เกาะโพธิ์,10.10.52.14,NE08E-S6,7,C2,KPO,,,,,
,276,C2_SS_PYN_NE8K_1,New_C2_SS_PYN_NE8K_1,สฟฟ.พัทยาเหนือ,สฟฟ.พัทยาเหนือ,สฟฟ.พัทยาเหนือ ตัวที่ 2,10.10.52.140,NetEngine 8000 M6,9,C2,PYN,,,,,
,277,C2_SS_MPB_NE08_1,New_C2_SS_MPB_NE08_1,สฟฟ.มาบตาพุด 2,สฟฟ.มาบตาพุด 2,สฟฟ.มาบตาพุด 2,10.10.52.141,NE08E-S6E,9,C2,MPB,,,,,
,278,C2_SS_MPA_NE08_1,New_C2_SS_MPA_NE08_1,สฟฟ.มาบตาพุด 1,สฟฟ.มาบตาพุด 1,สฟฟ.มาบตาพุด 1,10.10.52.142,NE08E-S6E,9,C2,MPA,,,,,
,279,C2_SS_MPC_NE08_1,New_C2_SS_MPC_NE08_1,สฟฟ.มาบตาพุด 3,สฟฟ.มาบตาพุด 3,สฟฟ.มาบตาพุด 3,10.10.52.143,NE08E-S6E,9,C2,MPC,,,,,
,280,C2_EO_HKLN_NE08_1,New_C2_EO_HKLN_NE08_1,กฟย.เกาะล้าน,กฟย.เกาะล้าน,กฟย.เกาะล้าน,10.10.52.144,NE08E-S6E,9,C2,HKL,,,,,
,281,C2_SS_BLA_NE08_1,New_C2_SS_BLA_NE08_1,สฟฟ.บางละมุง 1,สฟฟ.บางละมุง 1,สฟฟ.บางละมุง,10.10.52.145,NE08E-S6E,9,C2,BLA,,,,,
,282,C2_SS_PYG_NE08_1,New_C2_SS_PYG_NE08_1,สฟฟ.พัทยากลาง,สฟฟ.พัทยากลาง,สฟฟ.พัทยากลาง,10.10.52.146,NE08E-S6E,9,C2,PYG,,,,,
,283,C2_SS_RAC_NE08_2,C2_SS_RAC_NE08_2,สฟฟ.ระยอง 3,สฟฟ.ระยอง 3,สฟฟ.ระยอง 3,10.10.52.147,NE08E-S6,9,C2,RAC,,,,,
,284,C2_EO_LCA_NE08_1,New_C2_EO_LCB_NE08_1,กฟส.แหลมฉบัง,กฟส.แหลมฉบัง,กฟฟ.แหลมฉบัง,10.10.52.148,NE08E-S6E,9,C2,LCB,,,,,
,285,C2_EO_CHT_NE08_1,C2_EO_CHT_NE08_1,กฟส.จอมเทียน,กฟส.จอมเทียน,กฟฟ.จอมเทียน,10.10.52.149,NE08E-S6E,9,C2,CHT,,,,,
,286,C2_EO_KOC_NE08_1,C2_EO_KOC_NE08_1,กฟส.เกาะจันทร์(BE.Koh Chan),กฟส.เกาะจันทร์,กฟส.เกาะจันทร์,10.10.52.15,NE08E-S6,14,C2,KOC,,,,,
,287,C2_SS_CHU_NE08_1,New_C2_SS_CHU_NE08_1,สฟฟ.จอมเทียน 2,สฟฟ.จอมเทียน 2,สฟฟ.จอมเทียน 2,10.10.52.150,NE08E-S6E,9,C2,CHU,,,,,
,288,C2_EO_BJA_NE08_1,New_C2_EO_BJA_NE08_1,กฟอ.บ้านฉาง,กฟอ.บ้านฉาง,กฟอ.บ้านฉาง,10.10.52.151,NE08E-S6E,9,C2,BJA,,,,,
,289,C2_EO_MPA_NE08_1,New_C2_EO_MPA_NE08_1,กฟอ.มาบตาพุด,กฟอ.มาบตาพุด,กฟฟ.มาบตาพุด,10.10.52.152,NE08E-S6E,9,C2,MPA,,,,,
,290,C2_EO_KSCH_NE8K_1,New_C2_EO_KSCH_NE8K_1,กฟย.เกาะสีชัง,กฟย.เกาะสีชัง,กฟย.เกาะสีชัง,10.10.52.154,NetEngine 8000 M6,9,C2,KSC,,,,,
,291,C2_SS_APB_NE8K_1,New_C2_SS_APB_NE8K_1,สฟฟ.อ่าวไผ่2,สฟฟ.อ่าวไผ่2,สฟฟ.อ่าวไผ่ 2,10.10.52.155,NetEngine 8000 M6,9,C2,APB,,,,,
,292,C2_SS_PYV_NE8K_1,New_C2_SS_PYV_NE8K_1,สฟฟ.พัทยาเหนือ 2 ชั่วคราว,สฟฟ.พัทยาเหนือ 2 ชั่วคราว,สฟฟ.พัทยาเหนือ 2(ชั่วคราว),10.10.52.156,NetEngine 8000 M6,9,C2,PYV,,,,,
,293,C2_SS_PLU_NE08_3,C2_SS_PLU_NE08_3,สฟฟ.ปลวกแดง 1 #3,สฟฟ.ปลวกแดง 1 #3,สฟฟ.ปลวกแดง 1 #3,10.10.52.158,NE08E-S6,8,C2,PLD,,,,,
,294,C2_SS_KWA_NE08_1,New_C2_SS_KWA_NE08_1,สฟฟ.คลองขวาง 1,สฟฟ.คลองขวาง 1,กฟส.บ่อทอง,10.10.52.16,NE08E-S6E,7,C2,KWA,,,,,
,295,C2_SS_KWB_NE08_1,New_C2_SS_KWB_NE08_1,สฟฟ.คลองขวาง 2,สฟฟ.คลองขวาง 2,สฟฟ.คลองขวาง 2,10.10.52.17,NE08E-S6E,7,C2,KWB,,,,,
,296,C2_SS_BSM_NE08_1,New_C2_SS_BSM_NE08_1,สฟฟ.บางสมัคร 1,สฟฟ.บางสมัคร 1,สฟฟ.บางสมัคร,10.10.52.18,NE08E-S6E,7,C2,BSM,,,,,
,297,C2_SS_BAP_NE08_1,New_C2_SS_BAP_NE08_1,สฟฟ.บางน้ำเปรี้ยว,สฟฟ.บางน้ำเปรี้ยว,สฟฟ.บางน้ำเปรี้ยว,10.10.52.19,NE08E-S6E,7,C2,BAP,,,,,
,298,C2_SS_KAA_NE08_2,C2_SS_KAA_NE08_2,สฟฟ.แกลง 1,สฟฟ.แกลง 1,สฟฟ.แกลง 1,10.10.52.192,NE08E-S6,10,C2,KAA,,,,,
,299,C2_SS_NYM_NE08_1,C2_SS_NYM_NE08_1,สฟฟ.นายายอาม(ES.Na Yai Am),สฟฟ.นายายอาม,สฟฟ.นายายอาม,10.10.52.193,NE08E-S6,10,C2,NYM,,,,,
,300,C2_SS_TMM_NE08_1,C2_SS_TMM_NE8K_1,สฟฟ.ท่าใหม่(ES.Tha Mai),สฟฟ.ท่าใหม่,สฟฟ.ท่าใหม่,10.10.52.194,NetEngine 8000 M6,10,C2,TMM,,,,,
,301,C2_SS_CTA_NE08_1,C2_SS_CTA_NE08_1,สฟฟ.จันทบุรี(ES.Chanthaburi),สฟฟ.จันทบุรี,สฟฟ.จันทบุรี,10.10.52.195,NE08E-S6,10,C2,CTA,,,,,
,302,C2_EO_CTR_NE08_1,C2_EO_CTR_NE08_1,กฟจ.จันทบุรี(PE.Chanthaburi),กฟจ.จันทบุรี,กฟจ.จันทบุรี,10.10.52.196,NE08E-S6,10,C2,CTR,,,,,
,303,C2_EO_TMI_NE08_1,C2_EO_TMI_NE08_1,กฟส.ท่าใหม่(BE.Tha Mai),กฟส.ท่าใหม่,กฟส.ท่าใหม่,10.10.52.197,NE08E-S6,10,C2,TMI,,,,,
,304,C2_SS_PNR_NE08_1,C2_SS_PNR_NE08_1,สฟฟ.โป่งน้ำร้อน(ES.Pong Nam Ron),สฟฟ.โป่งน้ำร้อน,สฟฟ.โป่งน้ำร้อน,10.10.52.198,NE08E-S6,10,C2,PNR,,,,,
,305,C2_EO_SOD_NE08_1,C2_EO_SOD_NE8K_1,กฟส.สอยดาว (BE.Soi dao),กฟส.สอยดาว ,กฟส.สอยดาว ,10.10.52.199,NetEngine 8000 M6,10,C2,SOD,,,,,
,306,C2_EO_BAB_NE08_1,C2_EO_BAB_NE08_1,กฟอ.บ้านบึง(BE.Ban Bueng),กฟอ.บ้านบึง,กฟอ.บ้านบึง,10.10.52.2,NE08E-S6,14,C2,BAB,,,,,
,307,C2_E0_BAP_NE08_1,New_C2_EO_BAP_NE08_1,กฟอ.บางน้ำเปรี้ยว,กฟอ.บางน้ำเปรี้ยว,กฟส.บางน้ำเปรี้ยว,10.10.52.20,NE08E-S6E,7,C2,BAP,,,,,
,308,C2_SS_WYA_NE08_2,C1_SS_WYA_NE08_2,สฟฟ.วังน้ำเย็น,สฟฟ.วังน้ำเย็น,สฟฟ.วังน้ำเย็น,10.10.52.200,NE08E-S6,6,C1,WYA,,,,,
,309,C2_EO_KLG_NE08_1,New_C2_EO_KLG_NE08_1,กฟส.ขลุง,กฟส.ขลุง,กฟส.ขลุง,10.10.52.201,NE08E-S6E,10,C2,KLG,,,,,
,310,C2_SS_KLG_NE08_1,New_C2_SS_KLG_NE08_1,สฟฟ.ขลุง,สฟฟ.ขลุง,สฟฟ.ขลุง,10.10.52.202,NE08E-S6E,10,C2,KLG,,,,,
,311,C2_SS_SAT_NE08_1,New_C2_SS_SAT_NE08_1,สฟฟ.แสนตุ้ง,สฟฟ.แสนตุ้ง,สฟฟ.แสนตุ้ง,10.10.52.203,NE08E-S6E,10,C2,SAT,,,,,
,312,C2_EO_LES_NE08_1,New_C2_EO_LES_NE08_1,กฟส.แหลมสิงห์,กฟส.แหลมสิงห์,กฟส.แหลมสิงห์,10.10.52.204,NE08E-S6E,10,C2,LES,,,,,
,313,C2_SS_TTA_NE08_1,New_C2_SS_TTA_NE08_1,สฟฟ.ตราด,สฟฟ.ตราด,สฟฟ.ตราด,10.10.52.205,NE08E-S6E,10,C2,TTA,,,,,
,314,C2_EO_TTA_NE08_1,New_C2_EO_TTA_NE08_1,กฟจ.ตราด,กฟจ.ตราด,กฟจ.ตราด,10.10.52.206,NE08E-S6E,10,C2,TTA,,,,,
,315,C2_EO_KSM_NE08_1,New_C2_EO_KSM_NE08_1,กฟอ.เขาสมิง,กฟอ.เขาสมิง,กฟส.เขาสมิง,10.10.52.207,NE08E-S6E,10,C2,KSM,,,,,
,316,C2_SS_LGA_NE08_1,New_C2_SS_LGA_NE08_1,สฟฟ.แหลมงอบ,สฟฟ.แหลมงอบ,สฟฟ.แหลมงอบ,10.10.52.208,NE08E-S6E,10,C2,LGA,,,,,
,317,C2_EO_KZA_NE08_1,New_C2_EO_KZA_NE08_1,กฟส.เกาะช้าง,กฟส.เกาะช้าง,กฟส.เกาะช้าง,10.10.52.209,NE08E-S6E,10,C2,KZA,,,,,
,318,C2_SS_BSK_NE08_1,New_C2_SS_BSK_NE08_1,สฟฟ.บางสมัคร 2,สฟฟ.บางสมัคร 2,สฟฟ.บางสมัคร 2,10.10.52.21,NE08E-S6E,7,C2,BSK,,,,,
,319,C2_SS_KYA_NE08_1,New_C2_SS_KYA_NE08_1,สฟฟ.คลองใหญ่,สฟฟ.คลองใหญ่,สฟฟ.คลองใหญ่,10.10.52.210,NE08E-S6E,10,C2,KYA,,,,,
,320,C2_EO_KYA_NE08_1,New_C2_EO_KYA_NE08_1,สฟฟ.คลองใหญ่,สฟฟ.คลองใหญ่,สฟฟ.คลองใหญ่,10.10.52.211,NE08E-S6E,10,C2,KYA,,,,,
,321,C2_EO_HKKT_NE08_1,New_C2_EO_HKKT_NE08_1,กฟย.เกาะกูด,กฟย.เกาะกูด,กฟย.เกาะกูด,10.10.52.212,NE08E-S6E,10,C2,HKK,,,,,
,322,C2_EO_HKMK_NE08_1,New_C2_EO_HKMK_NE08_1,กฟย.เกาะหมาก,กฟย.เกาะหมาก,กฟย.เกาะหมาก,10.10.52.213,NE08E-S6E,10,C2,HKMK,,,,,
,323,C2_EO_NYM_NE08_1,New_C2_EO_NYM_NE08_1,กฟอ.นายายอาม,กฟอ.นายายอาม,กฟส.นายายอาม,10.10.52.214,NE08E-S6E,10,C2,NYM,,,,,
,324,C2_SS_KZA_NE08_1,New_C2_SS_KZA_NE08_1,สฟฟ.เกาะช้าง,สฟฟ.เกาะช้าง,สฟฟ.เกาะช้าง,10.10.52.215,NE08E-S6E,10,C2,KZA,,,,,
,325,C2_EO_HKHM_NE80_1,New_C2_EO_HKHM_NE08_1,กฟย.แก่งหางแมว,กฟย.แก่งหางแมว,กฟย.แก่งหางแมว,10.10.52.216,NE08E-S6E,10,C2,HKH,,,,,
,326,C2_EO_BWR_NE08_1,New_C2_EO_BWR_NE08_1,กฟย.บ่อเวฬุ,กฟย.บ่อเวฬุ,กฟย.บ่อเวฬุ,10.10.52.217,NE08E-S6E,10,C2,BWR,,,,,
,327,C2_EO_HMKM_NE80_1,New_C2_EO_HMKM_NE08_1,กฟย.มะขาม,กฟย.มะขาม,กฟย.มะขาม,10.10.52.218,NE08E-S6E,10,C2,HMK,,,,,
,328,C2_EO_HPRI_NE80_1,New_C2_EO_HPRI_NE08_1,กฟย.บ่อไร่,กฟย.บ่อไร่,กฟย.บ่อไร่,10.10.52.219,NE08E-S6E,10,C2,HPR,,,,,
,329,C2_SS_WUA_NE08_1,New_C2_SS_BWB_NE08_1,สฟฟ.บางวัว 2,สฟฟ.บางวัว 2,สฟฟ.บางวัว 2,10.10.52.22,NE08E-S6E,7,C2,BWB,,,,,
,330,C2_EO_LGA_NE08_1,New_C2_EO_LGA_NE08_1,กฟย.แหลมงอบ,กฟย.แหลมงอบ,กฟย.แหลมงอบ,10.10.52.220,NE08E-S6E,10,C2,LGA,,,,,
,331,C2_SS_CTA_NE08_2,C2_SS_CTA_NE08_2,สฟฟ.จันทบุรี,สฟฟ.จันทบุรี,สฟฟ.จันทบุรี,10.10.52.221,NE08E-S6E,10,C2,CTA,,,,,
,332,C2_SS_SAT_NE08_2,C2_SS_SAT_NE08_2,สฟฟ.แสนตุ้ง,สฟฟ.แสนตุ้ง,สฟฟ.แสนตุ้ง,10.10.52.222,NE08E-S6E,10,C2,SAT,,,,,
,333,C2_EO_PNR_NE8K_1,New_C2_EO_PNR_NE8K_1,กฟย.โป่งน้ำร้อน (แทรกกลาง),กฟย.โป่งน้ำร้อน (แทรกกลาง),กฟย.โป่งน้ำร้อน,10.10.52.223,NetEngine 8000 M6,10,C2,PNR,,,,,
,334,C2_EO_HTMO_NE8K_1,New_C2_EO_HTMO_NE8K_1,กฟย.บ้านเตาหม้อ  (แทรกกลาง),กฟย.บ้านเตาหม้อ  (แทรกกลาง),กฟย.เตาหม้อ,10.10.52.224,NetEngine 8000 M6,10,C2,HTMO,,,,,
,335,C2_EO_HKKC_NE8K_1,New_C2_EO_HKKC_NE8K_1,กฟย.เขาคิชกูฎ,กฟย.เขาคิชกูฎ,กฟย.เขาคิชกูฎ,10.10.52.225,NetEngine 8000 M6,10,C2,HKKC,,,,,
,336,C2_SS_PNS_NE8K_1,New_C2_SS_PNS_NE8K_1,สฟฟ.โป่งน้ำร้อน 2 ชั่วคราว,สฟฟ.โป่งน้ำร้อน 2 ชั่วคราว,สฟฟ.โป่งน้ำร้อน 2 (ชั่วคราว),10.10.52.226,NetEngine 8000 M6,10,C2,PNS,,,,,
,337,C2_EO_NKL_NE08_1,C2_EO_NKL_NE08_1,กฟย.หนองคล้า,กฟย.หนองคล้า,กฟย.หนองคล้า,10.10.52.227,NE08E-S6,10,C2,NKL,,,,,
,338,C2_SS_XDA_NE08_1,C2_SS_XDA_NE08_1,สฟฟ.สอยดาว,สฟฟ.สอยดาว,สฟฟ.สอยดาว,10.10.52.228,NE08E-S6,10,C2,XDA,,,,,
,339,C2_SS_CTB_NE8K_1,C2_SS_CTB_NE8K_1,สฟฟ.จันทบุรี 2,สฟฟ.จันทบุรี 2,สฟฟ.จันทบุรี 2,10.10.52.229,NetEngine 8000 M6,10,C2,CTB,,,,,
,340,C2_E0_CCA_NE08_1,New_C2_EO_CCA_NE08_1,กฟจ.ฉะเชิงเทรา,กฟจ.ฉะเชิงเทรา,กฟจ.ฉะเชิงเทรา,10.10.52.23,NE08E-S6E,7,C2,CCA,,,,,
,341,C2_SS_GUU_NE8K_1,C2_SS_GUU_NE8K_1,สฟฟ.เขาคิชฌกูฏ (ชค),สฟฟ.เขาคิชฌกูฏ (ชค),สฟฟ.เขาคิชฌกูฏ (ชค),10.10.52.230,NetEngine 8000 M6,10,C2,GUU,,,,,
,342,C2_SS_HSR_NE08_1,New_C2_SS_HSR_NE08_1,สฟฟ.หัวสำโรง,สฟฟ.หัวสำโรง,สฟฟ.หัวสำโรง,10.10.52.24,NE08E-S6E,7,C2,HSR,,,,,
,343,C2_SS_BGR_NE08_1,New_C2_SS_BGR_NE08_1,สฟฟ.บางปะกง 3,สฟฟ.บางปะกง 3,สฟฟ.บางปะกง 3,10.10.52.25,NE08E-S6E,7,C2,BGR,,,,,
,344,C2_E0_BGP_NE08_1,New_C2_EO_BGP_NE08_1,กฟอ.บางปะกง,กฟอ.บางปะกง,กฟอ.บางปะกง,10.10.52.26,NE08E-S6E,7,C2,BGP,,,,,
,345,C2_E0_BAK_NE08_1,New_C2_EO_BAK_NE08_1,กฟส.บางคล้า,กฟส.บางคล้า,กฟส.บางคล้า,10.10.52.27,NE08E-S6E,7,C2,BAK,,,,,
,346,C2_E0_PHA_NE08_1,C2_EO_PHA_NE08_1,กฟอ.พนมสารคาม,กฟอ.พนมสารคาม,กฟอ.พนมสารคาม,10.10.52.28,NE08E-S6E,7,C2,PHA,,,,,
,347,C2_SS_BSL_NE08_1,New_C2_SS_BSL_NE08_1,สฟฟ.บางสมัคร 3,สฟฟ.บางสมัคร 3,สฟฟ.บางสมัคร 3,10.10.52.29,NE08E-S6E,7,C2,BSL,,,,,
,348,C2_SS_BBB_NE08_1,C2_SS_BBB_NE08_1,สฟฟ.บ้านบึง 2(ES.Ban Bueng 2),สฟฟ.บ้านบึง 2,สฟฟ.บ้านบึง 2,10.10.52.3,NE08E-S6,14,C2,BBB,,,,,
,349,C2_SS_BKC_NE08_1,C2_EO_BKC_NE08_1,กฟส.บ้านคลองเจ้า,กฟส.บ้านคลองเจ้า,กฟส.บ้านคลองเจ้า,10.10.52.30,NE08E-S6E,7,C2,BKC,,,,,
,350,C2_SS_KOB_NE08_1,New_C2_SS_KOB_NE08_1,สฟฟ.คลองใหม่  2,สฟฟ.คลองใหม่  2,สฟฟ.คลองใหม่ 2,10.10.52.31,NE08E-S6E,7,C2,KOB,,,,,
,351,New_C2_EO_PYA_NE08_1,New_C2_EO_PYA_NE08_1,กฟส.แปลงยาว,กฟส.แปลงยาว,กฟส.แปลงยาว,10.10.52.32,NE08E-S6E,7,C2,PYA,,,,,
,352,C1_EO_HTTK_NE80_1,New_C2_EO_HTTK_NE08_1,กฟย.ท่าตะเกียบ,กฟย.ท่าตะเกียบ,กฟย.ท่าตะเกียบ,10.10.52.33,NE08E-S6E,7,C2,HTT,,,,,
,353,C2_SS_CCB_NE8K_1,New_C2_SS_CCB_NE8K_1,สฟฟ.ฉะเชิงเทรา 2 (แทรกกลาง),สฟฟ.ฉะเชิงเทรา 2 (แทรกกลาง),สฟฟ.ฉะเชิงเทรา 2 ,10.10.52.34,NetEngine 8000 M6,7,C2,CCB,,,,,
,354,C2_EO_HRCS_NE8K_1,New_C2_EO_HRCS_NE8K_1,กฟย.ราชสาส์น,กฟย.ราชสาส์น,กฟย.ราชสาส์น,10.10.52.35,NetEngine 8000 M6,7,C2,HRC,,,,,
,355,C2_SS_KWC_NE8K_1,New_C2_SS_KWC_NE8K_1,สฟฟ.คลองขวาง 3 ชั่วคราว,สฟฟ.คลองขวาง 3 ชั่วคราว,สฟฟ.คลองขวาง 3 (ชั่วคราว),10.10.52.36,NetEngine 8000 M6,7,C2,KWC,,,,,
,356,C2_SS_BVU_NE8K_1,C2_SS_BVU_NE8K_1,สฟฟ.บ่อทอง ชั่วคราว,สฟฟ.บ่อทอง ชั่วคราว,สฟฟ.บ่อทอง (ชั่วคราว),10.10.52.37,NetEngine 8000 M6,14,C2,BVU,,,,,
,357,C2_SS_KN_NE8K_1,C2_EO_KN_NE8K_1,กฟย.คลองเขื่อน,กฟย.คลองเขื่อน,กฟย.คลองเขื่อน,10.10.52.38,NetEngine 8000 M6,7,C2,KN_,,,,,
,358,C2_SS_CBA_NE08_1,C2_SS_CBA_NE08_1,สฟฟ.ชลบุรี 1,สฟฟ.ชลบุรี 1,สฟฟ.ชลบุรี 1,10.10.52.4,NE08E-S6,7,C2,CBA,,,,,
,359,C2_SS_BP_NE8K_1,C2_SS_BP_NE08_1,สฟฟ.บ้านโพธิ์,สฟฟ.บ้านโพธิ์,สฟฟ.บ้านโพธิ์,10.10.52.40,NE08E-S6,7,C2,BP_,,,,,
,360,C2_SS_PYA_NE08_1,C2_SS_PYA_NE08_1,สฟฟ.แปลงยาว,สฟฟ.แปลงยาว,สฟฟ.แปลงยาว,10.10.52.41,NE08E-S6,7,C2,PYA,,,,,
,361,C2_SS_BZD_NE8K_1,C2_SS_BZD_NE8K_1,สฟฟ.บางสมัคร 4,สฟฟ.บางสมัคร 4,สฟฟ.บางสมัคร 4,10.10.52.42,NetEngine 8000 M6,7,C2,BZD,,,,,
,362,C2_ADDC_EO_CBR_NE08_1,C2_ADDC_EO_CBR_NE08_1,ศจฟ.กฟก.2 (ชลบุรี),ศจฟ.กฟก.2 ,ศจฟ.กฟก.2,10.10.52.5,NE08E-S6,7,C2,CBR,,,,,
,363,C2_SS_CCA_NE08_1,C2_SS_CCA_NE08_1,สฟฟ.ฉะเชิงเทรา(ES.Chachoengsao),สฟฟ.ฉะเชิงเทรา,สฟฟ.ฉะเชิงเทรา,10.10.52.6,NE08E-S6,7,C2,CCA,,,,,
,364,C2_ADDC_EO_CBR_NE08_2,C2_ADDC_EO_CBR_NE8K_2,ศจฟ.กฟก.2 (ชลบุรี),ศจฟ.กฟก.2 ,ศจฟ.กฟก.2,10.10.52.64,NetEngine 8000 M6,8,C2,CBR,,,,,
,365,C2_SS_BBA_NE08_2,C2_SS_BBA_NE08_2,สฟฟ.บ้านบึง 1(ES.Ban Bueng 1),สฟฟ.บ้านบึง 1,สฟฟ.บ้านบึง 1,10.10.52.65,NE08E-S6,8,C2,BBA,,,,,
,366,C2_SS_BWA_NE08_1,C2_SS_BWA_NE08_1,สฟฟ.บางวัว 1(ES.Bang Wua 1),สฟฟ.บางวัว 1,สฟฟ.บางวัว 1,10.10.52.7,NE08E-S6,7,C2,BWA,,,,,
,367,C2_SS_KOA_NE08_1,C2_SS_KOA_NE08_1,สฟฟ.คลองใหม่(ES.Khlong Mai),สฟฟ.คลองใหม่,สฟฟ.คลองใหม่,10.10.52.8,NE08E-S6,7,C2,KOA,,,,,
,368,C2_SS_PLU_NE08_2,C2_SS_PLU_NE08_2,สฟฟ.ปลวกแดง 1,สฟฟ.ปลวกแดง 1,สฟฟ.ปลวกแดง 1,10.10.52.81,NE08E-S6,8,C2,PLU,,,,,
,369,C2_SS_BWI_NE08_1,C2_SS_BWI_NE08_1,สฟฟ.บ่อวิน 1(ES.Bowin 1),สฟฟ.บ่อวิน 1,สฟฟ.บ่อวิน 1,10.10.52.82,NE08E-S6,8,C2,BWI,,,,,
,370,C2_SS_BWN_NE08_1,C2_SS_BWN_NE08_1,สฟฟ.บ่อวิน 2(ES.Bowin 2),สฟฟ.บ่อวิน 2,สฟฟ.บ่อวิน 2,10.10.52.83,NE08E-S6,8,C2,BWN,,,,,
,371,C2_SS_BNF_NE08_1,C2_SS_BNF_NE08_1,สฟฟ.บึง 2(ES.Bueng 2),สฟฟ.บึง 2,สฟฟ.บึง 2,10.10.52.84,NE08E-S6,8,C2,BNF,,,,,
,372,C2_EO_BUG_NE08_1,C2_EO_BUG_NE08_1,กฟส.บึง (BE.Bueng),กฟส.บึง ,กฟส.บึง ,10.10.52.85,NE08E-S6,8,C2,BUG,,,,,
,373,C2_SS_BNG_NE08_1,C2_SS_BNG_NE8K_1,สฟฟ.บึง 1(ES.Bueng 1),สฟฟ.บึง 1,สฟฟ.บึง 1,10.10.52.86,NetEngine 8000 M6,8,C2,BNG,,,,,
,374,C2_EO_SRC_NE08_1,C2_EO_SRC_NE08_1,กฟอ.ศรีราชา(DE.Sriracha),กฟอ.ศรีราชา,กฟอ.ศรีราชา,10.10.52.87,NE08E-S6,8,C2,SRC,,,,,
,375,C2_SS_BPE_NE08_1,C2_SS_BPE_NE08_1,สฟฟ.บางพระ(ES.Bang Phra),สฟฟ.บางพระ,สฟฟ.บางพระ,10.10.52.88,NE08E-S6,8,C2,BPE,,,,,
,376,C2_SS_BSN_NE08_1,C2_SS_BSN_NE08_1,สฟฟ.บางแสน(ES.Bang Saen),สฟฟ.บางแสน,สฟฟ.บางแสน,10.10.52.89,NE08E-S6,8,C2,BSN,,,,,
,377,C2_SS_BAK_NE08_1,C2_SS_BAK_NE08_1,สฟฟ.บางคล้า(ES.Bang Khla),สฟฟ.บางคล้า,สฟฟ.บางคล้า,10.10.52.9,NetEngine 8000 M6,7,C2,BAK,,,,,
,378,C2_EO_BSN_NE08_1,New_C2_EO_BSN_NE08_1,กฟภ.บางแสน,กฟภ.บางแสน,กฟฟ.บางแสน,10.10.52.90,NE08E-S6E,8,C2,BSN,,,,,
,379,C2_SS_BS0_NE08_1,C2_SS_BSO_NE8K_1,สฟฟ.บางแสน 2,สฟฟ.บางแสน 2,สฟฟ.บางแสน 2,10.10.52.91,NetEngine 8000 M6,8,C2,BSO,,,,,
,380,C2_SS_SCA_NE08_1,New_C2_SS_SCA_NE08_1,สฟฟ.ศรีราชา,สฟฟ.ศรีราชา,สฟฟ.ศรีราชา,10.10.52.92,NE08E-S6E,8,C2,SCA,,,,,
,381,C2_SS_PLU_NE08_1,C2_SS_PLU_NE08_1,สฟฟ.ปลวกแดง 1,สฟฟ.ปลวกแดง 1,สฟฟ.ปลวกแดง 1,10.10.53.1,NE08E-S6,20,C2,PLU,,,,,
,382,C2_SS_RAA_NE08_1,C2_SS_RAA_NE08_1,สฟฟ.ระยอง 1,สฟฟ.ระยอง 1,สฟฟ.ระยอง 1,10.10.53.10,NE08E-S6,20,C2,RAA,,,,,
,383,C2_EO_RAY_NE08_1,C2_EO_RAY_NE08_1,กฟจ.ระยอง,กฟจ.ระยอง,กฟจ.ระยอง,10.10.53.11,NE08E-S6,20,C2,RAY,,,,,
,384,C2_SS_RAD_NE08_1,C2_SS_RAD_NE08_1,สฟฟ.ระยอง 4,สฟฟ.ระยอง 4,สฟฟ.ระยอง 4,10.10.53.12,NE08E-S6E,20,C2,RAD,,,,,
,385,C2_EO_PHE_NE08_1,C2_EO_PHE_NE8K_1,กฟส.เพ,กฟส.เพ,กฟส.เพ,10.10.53.13,NetEngine 8000 M6,20,C2,PHE,,,,,
,386,C2_SS_BYA_NE08_1,C2_SS_BYA_NE8K_1,สฟฟ.เพ,สฟฟ.เพ,สฟฟ.เพ,10.10.53.14,NetEngine 8000 M6,20,C2,BYA,,,,,
,387,C2_SS_KAA_NE8K_1,C2_SS_KAA_NE8K_1,สฟฟ.แกลง 1,สฟฟ.แกลง 1,สฟฟ.แกลง 1,10.10.53.15,NetEngine 8000 M6,20,C2,KAA,,,,,
,388,C2_SS_KAB_NE08_1,C2_SS_KAB_NE08_1,สฟฟ.แกลง 2,สฟฟ.แกลง 2,สฟฟ.แกลง 2,10.10.53.16,NE08E-S6E,20,C2,KAB,,,,,
,389,C2_SS_KAC_NE08_1,C2_SS_KAC_NE08_1,สฟฟ.แกลง 3,สฟฟ.แกลง 3,สฟฟ.แกลง 3,10.10.53.17,NE08E-S6,20,C2,KAC,,,,,
,390,C2_EO_KAA_NE08_1,C2_EO_KAA_NE08_1,กฟอ.แกลง,กฟอ.แกลง,กฟอ.แกลง,10.10.53.18,NE08E-S6E,20,C2,KAA,,,,,
,391,C2_EO_HKCM_NE80_1,C2_EO_HKCM_NE08_1,กฟย.เขาชะเมา,กฟย.เขาชะเมา,กฟย.เขาชะเมา,10.10.53.19,NE08E-S6E,20,C2,HKC,,,,,
,392,C2_EO_PLD_NE08_1,C2_EO_PLD_NE08_1,กฟอ.ปลวกแดง,กฟอ.ปลวกแดง,กฟอ.ปลวกแดง,10.10.53.2,NE08E-S6,20,C2,PLD,,,,,
,393,C2_EO_WC_NE8K_1,C2_EO_WC_NE8K_1,กฟย.วังจันทร์,กฟย.วังจันทร์,กฟย.วังจันทร์,10.10.53.20,NetEngine 8000 M6,20,C2,WC_,,,,,
,394,C2_EO_WC_NE08_1,C2_SS_WCN_NE08_1,สฟฟ.วังจันทร์,สฟฟ.วังจันทร์,สฟฟ.วังจันทร์,10.10.53.21,NE08E-S6,14,C2,WCN,,,,,
,395,C2_EO_NOY_NE08_1,C2_EO_NY_NE08_1,กฟย.หนองใหญ่,กฟย.หนองใหญ่,กฟย.หนองใหญ่,10.10.53.22,NE08E-S6,14,C2,NY_,,,,,
,396,C2_SS_NOY_NE08_1,C2_SS_NOY_NE08_1,สฟฟ.หนองใหญ่,สฟฟ.หนองใหญ่,สฟฟ.หนองใหญ่,10.10.53.23,NE08E-S6,14,C2,NOY,,,,,
,397,C2_SS_HEA_NE08_1,C2_SS_HEA_NE08_1,สฟฟ.เหมราช,สฟฟ.เหมราช,สฟฟ.เหมราช,10.10.53.24,NE08E-S6E,20,C2,HEA,,,,,
,398,C2_SS_PLV_NE08_1,C2_SS_PLV_NE8K_1,สฟฟ.ปลวกแดง 2,สฟฟ.ปลวกแดง 2,สฟฟ.ปลวกแดง 2,10.10.53.25,NetEngine 8000 M6,20,C2,PLV,,,,,
,399,C2_SS_PLW_NE08_1,C2_SS_PLW_NE08_1,สฟฟ.ปลวกแดง 3,สฟฟ.ปลวกแดง 3,สฟฟ.ปลวกแดง 3,10.10.53.26,NE08E-S6E,20,C2,PLW,,,,,
,400,C2_SS_PLX_NE08_1,C2_SS_PLX_NE08_1,สฟฟ.ปลวกแดง 4,สฟฟ.ปลวกแดง 4,สฟฟ.ปลวกแดง 4,10.10.53.27,NE08E-S6E,20,C2,PLX,,,,,
,401,C2_SS_PLY_NE08_1,C2_SS_PLY_NE08_1,สฟฟ.ปลวกแดง 5,สฟฟ.ปลวกแดง 5,สฟฟ.ปลวกแดง 5,10.10.53.28,NE08E-S6E,20,C2,PLY,,,,,
,402,C2_SS_ACI_NE08_1,C2_SS_ACA_NE08_1,สฟฟ.อมตะซิตี้,สฟฟ.อมตะซิตี้,สฟฟ.อมตะซิตี้,10.10.53.29,NE08E-S6,20,C2,ACA,,,,,
,403,C2_SS_MBA_NE08_1,C2_SS_MBA_NE08_1,สฟฟ.มาบข่า,สฟฟ.มาบข่า,สฟฟ.มาบข่า,10.10.53.3,NE08E-S6,20,C2,MBA,,,,,
,404,C2_SS_ESB_NE08_1,C2_SS_ESB_NE08_1,สฟฟ.อีสเทิร์นซีบอร์ด,สฟฟ.อีสเทิร์นซีบอร์ด,สฟฟ.อีสเทิร์นซีบอร์ด,10.10.53.30,NE08E-S6E,8,C2,ESB,,,,,
,405,C2_SS_ACB_NE08_1,C2_SS_ACB_NE08_1,สฟฟ.อมตะซิตี้ 2,สฟฟ.อมตะซิตี้ 2,สฟฟ.อมตะซิตี้ 2,10.10.53.33,NE08E-S6E,20,C2,ATV,,,,,
,406,C2_SS_ESD_NE08_1,C2_SS_ESD_NE08_1,สฟฟ.อีสเทิร์นซีบอร์ด 3 (ชค),สฟฟ.อีสเทิร์นซีบอร์ด 3 (ชค),สฟฟ.อีสเทิร์นซีบอร์ด 3 (ชค),10.10.53.34,NE08E-S6E,20,C2,ESD,,,,,
,407,C2_SS_BBA_NE08_3,C2_SS_BBA_NE08_3,สฟฟ.บ้านบึง 1,สฟฟ.บ้านบึง 1,สฟฟ.บ้านบึง 1,10.10.53.35,NE08E-S6E,20,C2,BBA,,,,,
,408,C2_SS_NOU_NE08_1,C2_SS_NOU_NE08_1,สฟฟ.หนองใหญ่ 2 (ชค),สฟฟ.หนองใหญ่ 2 (ชค),สฟฟ.หนองใหญ่ 2 (ชค),10.10.53.36,NE08E-S6,20,C2,NOZ,,,,,
,409,C2_EO_NKP_NE08_1,C2_EO_NKP_NE08_1,กฟส.นิคมพัฒนา,กฟส.นิคมพัฒนา,กฟส.นิคมพัฒนา,10.10.53.4,NE08E-S6E,20,C2,NKP,,,,,
,410,C2_SS_NLL_NE08_1,C2_SS_NLL_NE08_1,สฟฟ.หนองละลอก,สฟฟ.หนองละลอก,สฟฟ.หนองละลอก,10.10.53.5,NE08E-S6,20,C2,NLL,,,,,
,411,C2_SS_BKH_NE08_1,C2_SS_BKH_NE08_1,สฟฟ.บ้านค่าย 1,สฟฟ.บ้านค่าย 1,สฟฟ.บ้านค่าย 1,10.10.53.6,NE08E-S6,20,C2,BKH,,,,,
,412,C2_SS_BKI_NE08_1,C2_SS_BKI_NE08_1,สฟฟ.บ้านค่าย 2,สฟฟ.บ้านค่าย 2,สฟฟ.บ้านค่าย 2,10.10.53.7,NE08E-S6,20,C2,BKI,,,,,
,413,C2_SS_BKJ_NE08_1,C2_SS_BKJ_NE08_1,สฟฟ.บ้านค่าย 3,สฟฟ.บ้านค่าย 3,สฟฟ.บ้านค่าย 3,10.10.53.8,NE08E-S6E,20,C2,BKJ,,,,,
,414,C2_EO_BNK_NE08_1,C2_EO_BNK_NE08_1,กฟอ.บ้านค่าย,กฟอ.บ้านค่าย,กฟอ.บ้านค่าย,10.10.53.9,NE08E-S6,20,C2,BNK,,,,,
,415,C3_SS_BPB_NE08_1,C3_SS_BPB_NE08_1,สฟฟ.บ้านโป่ง 2(ES.Ban Pong 2),สฟฟ.บ้านโป่ง 2,สฟฟ.บ้านโป่ง 2,10.10.54.1,NE08E-S6,11,C3,BPB,,,,,
,416,C3_SS_SPN_NE08_1,C3_SS_SPN_NE08_1,สฟฟ.สองพี่น้อง(ES.Song Phi Nong),สฟฟ.สองพี่น้อง,สฟฟ.สองพี่น้อง,10.10.54.10,NE08E-S6,11,C3,SPN,,,,,
,417,C3_SS_BEA_NE08_1,C3_SS_BEA_NE08_1,สฟฟ.บางเลน(ES.Bang len),สฟฟ.บางเลน,สฟฟ.บางเลน,10.10.54.11,NE08E-S6,11,C3,BEA,,,,,
,418,C3_SS_BGM_NE08_1,New_C3_SS_BGM_NE08_1,สฟฟ.บางปลาม้า,สฟฟ.บางปลาม้า,สฟฟ.บางปลาม้า,10.10.54.12,NE08E-S6E,11,C3,BGM,,,,,
,419,C3_ADDC_EO_NKM_NE08_2,C3_ADDC_EO_NPM_NE8K_2,ศจฟ. กฟก.3 (นครปฐม) (EDC. C.3 (Nakhon Pathom)),ศจฟ. กฟก.3 ,ศจฟ.กฟก.3,10.10.54.128,NetEngine 8000 M6,13,C3,NPM,,,,,
,420,C3_EO_PMN_NE08_1,C3_EO_PMN_NE08_1,กฟส.พุทธมณฑล(BE.Phuttamonthon),กฟส.พุทธมณฑล,กฟส.พุทธมณฑล,10.10.54.129,NE08E-S6,13,C3,PMN,,,,,
,421,C3_EO_UTG_NE08_1,New_C3_EO_UTG_NE08_1,กฟอ.อู่ทอง,กฟอ.อู่ทอง,กฟอ.อู่ทอง,10.10.54.13,NE08E-S6E,11,C3,UTG,,,,,
,422,C3_SS_NCA_NE08_1,C3_SS_NCA_NE08_1,สฟฟ.นครชัยศรี 1(ES.Nakhon Chai Si 1),สฟฟ.นครชัยศรี 1,สฟฟ.นครชัยศรี 1,10.10.54.130,NE08E-S6,13,C3,NCA,,,,,
,423,C3_EO_SAP_NE08_1,C3_EO_SAP_NE08_1,กฟอ.สามพราน(DE.Sam Phran),กฟอ.สามพราน,กฟอ.สามพราน,10.10.54.131,NE08E-S6,13,C3,SAP,,,,,
,424,C3_SS_OYI_NE08_1,C3_SS_OYI_NE8K_1,สฟฟ.อ้อมใหญ่ 1(ES.Aom yai 1),สฟฟ.อ้อมใหญ่ 1,สฟฟ.อ้อมใหญ่ 1,10.10.54.132,NetEngine 8000 M6,13,C3,OYI,,,,,
,425,C3_SS_OYK_NE08_1,C3_SS_OYK_NE8K_1,สฟฟ.อ้อมใหญ่ 2(ES.Aom yai 2),สฟฟ.อ้อมใหญ่ 2,สฟฟ.อ้อมใหญ่ 2,10.10.54.133,NetEngine 8000 M6,13,C3,OYK,,,,,
,426,C3_SS_ONA_NE08_1,C3_SS_ONA_NE08_1,สฟฟ.อ้อมน้อย 1(ES.Aom Noi 1),สฟฟ.อ้อมน้อย 1,สฟฟ.อ้อมน้อย 1,10.10.54.134,NE08E-S6,13,C3,ONA,,,,,
,427,C3_SS_ONB_NE08_1,C3_SS_ONB_NE08_1,สฟฟ.อ้อมน้อย 2(ES.Aom Noi 2),สฟฟ.อ้อมน้อย 2,สฟฟ.อ้อมน้อย 2,10.10.54.135,NE08E-S6,13,C3,ONB,,,,,
,428,C3_SS_KTA_NE80_1,C3_SS_KTA_NE8K_1,สฟฟ.กระทุ่มแบน 1(ES.Krathum Baen 1),สฟฟ.กระทุ่มแบน 1,สฟฟ.กระทุ่มแบน 1,10.10.54.136,NetEngine 8000 M6,13,C3,KTA,,,,,
,429,C3_SS_OYL_NE08_1,C3_SS_OYL_NE08_1,สฟฟ.อ้อมใหญ่ 3(ES.Aom yai 3),สฟฟ.อ้อมใหญ่ 3,สฟฟ.อ้อมใหญ่ 3,10.10.54.137,NE08E-S6,13,C3,OYL,,,,,
,430,C3_SS_SAA_NE08_1,C3_SS_SAA_NE08_1,สฟฟ.สามพราน 1(ES.Sam Phran 1),สฟฟ.สามพราน 1,สฟฟ.สามพราน 1,10.10.54.138,NE08E-S6,13,C3,SAA,,,,,
,431,C3_SS_KTD_NE08_1,C3_SS_KTD_NE08_1,สฟฟ.กระทุ่มแบน 4(ES.Krathum Baen 4),สฟฟ.กระทุ่มแบน 4,สฟฟ.กระทุ่มแบน 4,10.10.54.139,NE08E-S6,13,C3,KTD,,,,,
,432,C3_EO_BOP_NE08_1,New_C3_EO_BOP_NE08_1,กฟอ.บ่อพลอย,กฟอ.บ่อพลอย,กฟอ.บ่อพลอย,10.10.54.14,NE08E-S6E,11,C3,BOP,,,,,
,433,C3_EO_BPW_NE08_1,C3_EO_BPW_NE08_1,กฟอ.บ้านแพ้ว,กฟอ.บ้านแพ้ว,กฟจ.สมุทรสาคร 2 (บ้านแพ้ว),10.10.54.148,NE08E-S6,13,C3,BPW,,,,,
,434,C3_SS_NPT_NE08_1,C3_SS_NPT_NE08_1,สฟฟ.นครปฐม 1(ES.Nakhon Pathom 1),สฟฟ.นครปฐม 1,สฟฟ.นครปฐม 1,10.10.54.149,NE08E-S6,13,C3,NPT,,,,,
,435,C3_SS_BOP_NE08_1,New_C3_SS_BOP_NE08_1,สฟฟ.บ่อพลอย,สฟฟ.บ่อพลอย,สฟฟ.บ่อพลอย,10.10.54.15,NE08E-S6E,11,C3,BOP,,,,,
,436,C3_SS_SAB_NE08_1,New_C3_SS_SAB_NE08_1,สฟฟ.สามพราน 2,สฟฟ.สามพราน 2,สฟฟ.สามพราน 2,10.10.54.150,NE08E-S6E,13,C3,SAB,,,,,
,437,C3_SS_OND_NE08_1,New_C3_SS_OND_NE08_1,สฟฟ.อ้อมน้อย 4,สฟฟ.อ้อมน้อย 4,สฟฟ.อ้อมน้อย 4,10.10.54.157,NE08E-S6E,13,C3,OND,,,,,
,438,C3_SS_SAD_NE08_1,New_C3_SS_SAD_NE08_1,สฟฟ.สามพราน 4,สฟฟ.สามพราน 4,สฟฟ.สามพราน 4,10.10.54.158,NE08E-S6E,13,C3,SAD,,,,,
,439,C3_SS_DOA_NE08_1,New_C3_SS_DOA_NE08_1,สฟฟ.ดอนเจดีย์,สฟฟ.ดอนเจดีย์,สฟฟ.ดอนเจดีย์,10.10.54.16,NE08E-S6E,11,C3,DOA,,,,,
,440,C3_SS_SAC_NE08_1,New_C3_SS_SAC_NE08_1,สฟฟ.สามพราน 3,สฟฟ.สามพราน 3,สฟฟ.สามพราน 3,10.10.54.160,NE08E-S6E,13,C3,SAC,,,,,
,441,C3_WH_NCA_NE08_1,New_C3_WH_NCA_NE08_1,คลังพัสดุนครชัยศรี,คลังพัสดุนครชัยศรี,คลังพัสดุนครชัยศรี,10.10.54.161,NE08E-S6E,13,C3,NCA,,,,,
,442,C3_EO_NCA_NE8K_1,New_C3_EO_NCA_NE8K_1,กฟอ.นครชัยศรี (แทรกกลาง),กฟอ.นครชัยศรี (แทรกกลาง),กฟอ.นครชัยศรี,10.10.54.165,NetEngine 8000 M6,13,C3,NCA,,,,,
,443,C3_SS_OYM_NE8K_1,New_C3_SS_OYM_NE8K_1,สฟฟ.อ้อมใหญ่ 4 (แทรกกลาง),สฟฟ.อ้อมใหญ่ 4 (แทรกกลาง),สฟฟ.อ้อมใหญ่ 4 (แทรกกลาง),10.10.54.166,NetEngine 8000 M6,13,C3,OYM,,,,,
,444,C3_EO_ONA_NE8K_1,New_C3_EO_ONA_NE8K_1,กฟภ.อ้อมน้อย (แทรกกลาง),กฟภ.อ้อมน้อย (แทรกกลาง),กฟภ.อ้อมน้อย,10.10.54.167,NetEngine 8000 M6,13,C3,ONA,,,,,
,445,C3_SS_ONC_NE8K_1,New_C3_SS_ONC_NE8K_1,สฟฟ.อ้อมน้อย 3 (แทรกกลาง),สฟฟ.อ้อมน้อย 3 (แทรกกลาง),สฟฟ.อ้อมน้อย 3 (แทรกกลาง),10.10.54.168,NetEngine 8000 M6,13,C3,ONC,,,,,
,446,C3_EO_KTA_NE8K_1,C3_EO_KTN_NE08_1,กฟย.คลองตัน,กฟย.คลองตัน,กฟย.คลองตัน,10.10.54.169,NE08E-S6,13,C3,KTN,,,,,
,447,C3_EO_DOA_NE08_1,New_C3_EO_DOA_NE08_1,กฟอ.ดอนเจดีย์,กฟอ.ดอนเจดีย์,กฟส.ดอนเจดีย์,10.10.54.17,NE08E-S6E,11,C3,DOA,,,,,
,448,C3_EO_DAA_NE08_1,C3_EO_DAA_NE8K_1,กฟอ.ด่านช้าง,กฟอ.ด่านช้าง,กฟส.ด่านช้าง,10.10.54.18,NetEngine 8000 M6,11,C3,DAA,,,,,
,449,C3_EO_HWT_NE8K_1,New_C3_EO_HWT_NE8K_1,ศูนย์ฝึกฯ นครชัยศรี (แทรกกลาง),ศูนย์ฝึกฯ นครชัยศรี (แทรกกลาง),ศูนย์ฝึกฯ นครชัยศรี,10.10.54.180,NetEngine 8000 M6,13,C3,HWT,,,,,
,450,C3_SS_ONE_NE8K_1,New_C3_SS_ONE_NE8K_1,สฟฟ.อ้อมน้อย 5,สฟฟ.อ้อมน้อย 5,สฟฟ.อ้อมน้อย 5,10.10.54.181,NetEngine 8000 M6,13,C3,ONE,,,,,
,451,New_C3_SS_BNP_NE8K_2,New_C3_SS_BNP_NE8K_2,กฟอ.บ้านแพ้ว,กฟอ.บ้านแพ้ว,กฟจ.สมุทรสาคร 2 (บ้านแพ้ว),10.10.54.182,NetEngine 8000 M6,13,C3,BNP,,,,,
,452,C3_SS_SAE_NE08_1,C3_SS_SAE_NE08_1,สฟฟ.สามพราน 5 (ชค),สฟฟ.สามพราน 5 (ชค),สฟฟ.สามพราน 5 (ชค),10.10.54.183,NE08E-S6,13,C3,SAE,,,,,
,453,C3_EO_SPC_NE08_1,New_C3_EO_SPC_NE08_1,กฟอ.ศรีประจันต์,กฟอ.ศรีประจันต์,กฟส.ศรีประจันต์,10.10.54.19,NE08E-S6E,11,C3,SPC,,,,,
,454,C2_EO_CBA_NE08_1,New_C2_EO_CBA_NE08_1,กฟจ.ชลบุรี,กฟจ.ชลบุรี,กฟจ.ชลบุรี,10.10.54.193,NE08E-S6E,14,C2,CBA,,,,,
,455,C2_SS_CBB_NE08_1,New_C2_SS_CBB_NE08_1,สฟฟ.ชลบุรี 2,สฟฟ.ชลบุรี 2,สฟฟ.ชลบุรี 2,10.10.54.194,NE08E-S6E,14,C2,CBB,,,,,
,456,C2_SS_AKA_NE08_1,New_C2_SS_AKA_NE08_1,สฟฟ.อมตะนคร,สฟฟ.อมตะนคร,สฟฟ.อมตะนคร,10.10.54.195,NE08E-S6E,14,C2,AKA,,,,,
,457,C2_SS_PTO_NE08_1,New_C2_SS_PTO_NE08_1,สฟฟ.พานทอง,สฟฟ.พานทอง,สฟฟ.พานทอง 1,10.10.54.196,NE08E-S6E,14,C2,PTO,,,,,
,458,C2_EO_PSA_NE08_1,New_C2_EO_PSA_NE08_1,กฟอ.พนัสนิคม,กฟอ.พนัสนิคม,กฟอ.พนัสนิคม,10.10.54.197,NE08E-S6E,14,C2,PSA,,,,,
,459,C2_SS_PTP_NE08_1,New_C2_SS_PTP_NE08_1,สฟฟ.พานทอง 2,สฟฟ.พานทอง 2,สฟฟ.พานทอง 2,10.10.54.198,NE08E-S6E,14,C2,PTP,,,,,
,460,C2_SS_BGP_NE08_1,New_C2_SS_BGP_NE08_1,สฟฟ.บางปะกง,สฟฟ.บางปะกง,สฟฟ.บางปะกง,10.10.54.199,NE08E-S6E,14,C2,BGP,,,,,
,461,C3_SS_TMK_NE08_1,C3_SS_TMK_NE08_1,สฟฟ.ท่ามะกา(ES.Tha Maka),สฟฟ.ท่ามะกา,สฟฟ.ท่ามะกา,10.10.54.2,NE08E-S6,11,C3,TMK,,,,,
,462,C3_EO_NYC_NE08_1,C3_EO_NYC_NE08_1,กฟอ.หนองหญ้าไซ,กฟอ.หนองหญ้าไซ,กฟส.หนองหญ้าไซ,10.10.54.20,NE08E-S6E,11,C3,NYC,,,,,
,463,C2_SS_CBC_NE08_1,New_C2_SS_CBC_NE08_1,สฟฟ.ชลบุรี 3,สฟฟ.ชลบุรี 3,สฟฟ.ชลบุรี 3,10.10.54.200,NE08E-S6E,14,C2,CBC,,,,,
,464,C2_SS_AKC_NE08_1,New_C2_SS_AKC_NE08_1,สฟฟ.อมตะนคร3,สฟฟ.อมตะนคร3,สฟฟ.อมตะนคร 3,10.10.54.201,NE08E-S6E,14,C2,AKC,,,,,
,465,C2_EO_PTO_NE08_1,New_C2_EO_PTO_NE08_1,กฟอ.พานทอง,กฟอ.พานทอง,กฟอ.พานทอง,10.10.54.202,NE08E-S6E,14,C2,PTO,,,,,
,466,C2_SS_PSA_NE08_1,New_C2_SS_PSA_NE08_1,สฟฟ.พนัสนิคม,สฟฟ.พนัสนิคม,สฟฟ.พนัสนิคม,10.10.54.203,NE08E-S6E,14,C2,PSA,,,,,
,467,New_C2_SS_KPO_NE08_2,C2_SS_KPO_NE8K_2,สฟฟ.เกาะโพธิ์,สฟฟ.เกาะโพธิ์,สฟฟ.เกาะโพธิ์,10.10.54.204,NetEngine 8000 M6,14,C2,KPO,,,,,
,468,New_C2_SS_CBA_NE08_2,New_C2_SS_CBA_NE08_2,สฟฟ.ชลบุรี 1,สฟฟ.ชลบุรี 1,สฟฟ.ชลบุรี 1,10.10.54.205,NE08E-S6,14,C2,CBA,,,,,
,469,C2_SS_BBC_NE8K_1,New_C2_SS_BBC_NE8K_1,สฟฟ.บ้านบึง 3 ชั่วคราว,สฟฟ.บ้านบึง 3 ชั่วคราว,สฟฟ.บ้านบึง 3 (ชั่วคราว),10.10.54.206,NetEngine 8000 M6,14,C2,BBC,,,,,
,470,C2_SS_AKB_NE8K_1,New_C2_SS_AKB_NE8K_1,สฟฟ.อมตะนคร 2,สฟฟ.อมตะนคร 2,สฟฟ.อมตะนคร 2,10.10.54.207,NetEngine 8000 M6,14,C2,AKB,,,,,
,471,C2_SS_CBD_NE8K_1,C2_SS_CBD_NE8K_1,สฟฟ.ชลบุรี 4,สฟฟ.ชลบุรี 4,สฟฟ.ชลบุรี 4,10.10.54.208,NetEngine 8000 M6,14,C2,CBD,,,,,
,472,C2_SS_BBD_NE8K_1,C2_SS_BBD_NE8K_1,สฟฟ.บ้านบึง 4,สฟฟ.บ้านบึง 4,สฟฟ.บ้านบึง 4,10.10.54.209,NetEngine 8000 M6,14,C2,BBD,,,,,
,473,New_C3_EO_SMG_NE08_1,New_C3_EO_SMG_NE08_1,กฟอ.สามชุก,กฟอ.สามชุก,กฟส.สามชุก,10.10.54.21,NE08E-S6E,11,C3,SMG,,,,,
,474,C2_HV_BBA_NE08_1,C2_HV_BBA_NE08_1,สฟฟ.บ้านบึง (ลานไก),สฟฟ.บ้านบึง (ลานไก),สฟฟ.บ้านบึง (ลานไก),10.10.54.210,NE08E-S6,14,C2,BBA,,,,,
,475,C3_SS_DBA_NE08_1,New_C3_SS_DBA_NE08_1,สฟฟ.เดิมบางนางบวช,สฟฟ.เดิมบางนางบวช,สฟฟ.เดิมบางนางบวช,10.10.54.22,NE08E-S6E,11,C3,DBA,,,,,
,476,C3_EO_DBA_NE08_1,New_C3_EO_DBA_NE08_1,กฟอ.เดิมบางนางบวช,กฟอ.เดิมบางนางบวช,กฟอ.เดิมบางนางบวช,10.10.54.23,NE08E-S6E,11,C3,DBA,,,,,
,477,C3_SS_DAA_NE08_1,New_C3_SS_DAA_NE08_1,สฟฟ.ด่านช้าง,สฟฟ.ด่านช้าง,สฟฟ.ด่านช้าง,10.10.54.24,NE08E-S6E,11,C3,DAA,,,,,
,478,C3_EO_SPN_NE08_1,New_C3_EO_SPN_NE08_1,กฟอ.สองพี่น้อง,กฟอ.สองพี่น้อง,กฟส.สองพี่น้อง,10.10.54.25,NE08E-S6E,11,C3,SPN,,,,,
,479,C3_EO_TQA_NE08_1,New_C3_EO_TQA_NE08_1,กฟย.ทุ่งคอก,กฟย.ทุ่งคอก,กฟย.ทุ่งคอก,10.10.54.26,NE08E-S6E,11,C3,TQA,,,,,
,480,C3_WH_SPA_NE08_1,New_C3_WH_SPA_NE08_1,คลังพัสดุสุพรรณบุรี,คลังพัสดุสุพรรณบุรี,คลังพัสดุสุพรรณบุรี,10.10.54.27,NE08E-S6E,11,C3,SPA,,,,,
,481,C3_EO_HKC_NE80_1,New_C3_EO_HKC_NE08_1,กฟย.ห้วยกระเจา,กฟย.ห้วยกระเจา,กฟย.ห้วยกระเจา,10.10.54.28,NE08E-S6E,11,C3,HKC,,,,,
,482,C3_EO_NPR_NE80_1,New_C3_EO_NPR_NE08_1,กฟย.หนองปรือ,กฟย.หนองปรือ,กฟย.หนองปรือ,10.10.54.29,NE08E-S6E,11,C3,NPR,,,,,
,483,C3_EO_WH_KCI_NE08_1,C3_EO_WH_KCI_NE08_1,กฟจ.กาญจนบุรี (คลังพัสดุ)(PE.Kanchanaburi (Warehouse)),กฟจ.กาญจนบุรี ,กฟจ.กาญจนบุรี ,10.10.54.3,NE08E-S6,11,C3,WH,,,,,
,484,C3_SS_SPO_NE08_1,New_C3_SS_SPO_NE08_1,สฟฟ.สองพี่น้อง 2,สฟฟ.สองพี่น้อง 2,สฟฟ.สองพี่น้อง 2,10.10.54.30,NE08E-S6E,11,C3,SPO,,,,,
,485,C3_EO_MKS_NE80_1,New_C3_EO_MKS_NE08_1,กฟย.มะขามล้ม,กฟย.มะขามล้ม,กฟย.มะขามล้ม,10.10.54.31,NE08E-S6E,11,C3,MKS,,,,,
,486,C3_EO_BLG_NE80_1,New_C3_EO_BLG_NE08_1,กฟย.บางหลวง,กฟย.บางหลวง,กฟย.บางหลวง,10.10.54.32,NE08E-S6E,11,C3,BLG,,,,,
,487,C3_EO_LUK_NE08_1,New_C3_EO_LUK_NE08_1,กฟส.เลาขวัญ,กฟส.เลาขวัญ,กฟส.เลาขวัญ ,10.10.54.33,NE08E-S6E,11,C3,LUK,,,,,
,488,C3_SS_UTG_NE08_2,C3_SS_UTO_NE8K_2,สฟฟ.อู่ทอง,สฟฟ.อู่ทอง,สฟฟ.อู่ทอง,10.10.54.34,NetEngine 8000 M6,11,C3,UTO,,,,,
,489,C3_SS_PTU_NE8K_1,New_C3_SS_PTU_NE8K_1,สฟฟ.พนมทวน (แทรกกลาง),สฟฟ.พนมทวน (แทรกกลาง),สฟฟ.พนมทวน,10.10.54.35,NetEngine 8000 M6,11,C3,PTU,,,,,
,490,C3_SS_SPB_NE8K_1,New_C3_SS_SPB_NE8K_1,สฟฟ.สุพรรณบุรี 2 (แทรกกลาง),สฟฟ.สุพรรณบุรี 2 (แทรกกลาง),สฟฟ.สุพรรณบุรี 2,10.10.54.36,NetEngine 8000 M6,11,C3,SPB,,,,,
,491,C3_SS_SPC_NE8K_1,New_C3_SS_SPC_NE8K_1,สฟฟ.ศรีประจันต์,สฟฟ.ศรีประจันต์,สฟฟ.ศรีประจันต์,10.10.54.37,NetEngine 8000 M6,11,C3,SPC,,,,,
,492,C3_SS_LUK_NE8K_1,C3_SS_LUK_NE08_1,สฟฟ.เลาขวัญ (แทรกกลาง),สฟฟ.เลาขวัญ (แทรกกลาง),สฟฟ.เลาขวัญ,10.10.54.38,NE08E-S6E,11,C3,LUK,,,,,
,493,C3_SS_BOU_NE8K_1,New_C3_SS_BOU_NE8K_1,สฟฟ.หนองปรือ (แทรกกลาง),สฟฟ.หนองปรือ (แทรกกลาง),สฟฟ.หนองปรือ,10.10.54.39,NetEngine 8000 M6,11,C3,BOU,,,,,
,494,C3_EO_PNN_NE08_1,C3_EO_PNN_NE08_1,กฟอ.พนมทวน(DE.Phanom Thuan),กฟอ.พนมทวน,กฟอ.พนมทวน,10.10.54.4,NE08E-S6,11,C3,PNN,,,,,
,495,C3_SS_UTG_NE08_1,C3_SS_UTO_NE08_1,สฟฟ.อู่ทอง(ES.U Thong),สฟฟ.อู่ทอง,สฟฟ.อู่ทอง,10.10.54.5,NE08E-S6,11,C3,UTO,,,,,
,496,C3_EO_ST_NE08_1,C3_EO_ST_NE08_1,กฟย.สวนแตง(ESS.Suan Taeng),กฟย.สวนแตง,กฟย.สวนแตง,10.10.54.6,NE08E-S6,11,C3,ST,,,,,
,497,C3_ADDC_EO_NKM_NE08_1,C3_ADDC_EO_NPM_NE08_1,ศจฟ. กฟก.3 (นครปฐม) (EDC. C.3 (Nakhon Pathom)),ศจฟ. กฟก.3 ,ศจฟ.กฟก.3,10.10.54.64,NE08E-S6,12,C3,NPM,,,,,
,498,C3_EO_NKM_NE08_1,C3_EO_NPM_NE08_1,กฟจ.นครปฐม(PE.Nakhon Pathom),กฟจ.นครปฐม,กฟจ.นครปฐม,10.10.54.65,NE08E-S6,12,C3,NPM,,,,,
,499,C3_SS_BPA_NE08_1,C3_SS_BPA_NE08_1,สฟฟ.บ้านโป่ง 1(ES.Ban Pong 1),สฟฟ.บ้านโป่ง 1,สฟฟ.บ้านโป่ง 1,10.10.54.66,NE08E-S6,12,C3,BPA,,,,,
,500,C3_SS_BPB_NE08_2,C3_SS_BPB_NE08_2,สฟฟ.บ้านโป่ง 2(ES.Ban Pong 2),สฟฟ.บ้านโป่ง 2,สฟฟ.บ้านโป่ง 2,10.10.54.67,NE08E-S6,12,C3,BPB,,,,,
,501,C3_SS_NPU_NE08_1,C3_SS_NPU_NE08_1,สฟฟ.นครปฐม 2(ES.Nakhon Pathom 2),สฟฟ.นครปฐม 2,สฟฟ.นครปฐม 2,10.10.54.68,NE08E-S6,12,C3,NPU,,,,,
,502,C3_SS_KSA_NE08_1,C3_SS_KSA_NE08_1,สฟฟ.กำแพงแสน(ES.Kamphaeng Saen),สฟฟ.กำแพงแสน,สฟฟ.กำแพงแสน,10.10.54.69,NE08E-S6,12,C3,KSA,,,,,
,503,C3_EO_SPI_NE08_1,C3_EO_SPI_NE08_1,กฟจ.สุพรรณบุรี(PE.Suphan Buri),กฟจ.สุพรรณบุรี,กฟจ.สุพรรณบุรี,10.10.54.7,NE08E-S6,11,C3,SPI,,,,,
,504,C3_EO_KPN_NE08_1,C3_EO_KPN_NE08_1,กฟอ.กำแพงแสน(DE.Kamphaeng Saen),กฟอ.กำแพงแสน,กฟอ.กำแพงแสน,10.10.54.70,NE08E-S6,12,C3,KPN,,,,,
,505,C3_SS_BEA_NE08_2,C3_SS_BEA_NE8K_2,สฟฟ.บางเลน(ES.Bang len),สฟฟ.บางเลน,สฟฟ.บางเลน,10.10.54.71,NetEngine 8000 M6,12,C3,BEA,,,,,
,506,C3_EO_BLN_NE08_1,C3_EO_BLN_NE08_1,กฟอ.บางเลน(DE.Bang len),กฟอ.บางเลน,กฟอ.บางเลน,10.10.54.72,NE08E-S6,12,C3,BLN,,,,,
,507,C3_SS_SLY_NE08_1,C3_SS_SLY_NE08_1,สฟฟ.ศาลายา(ES.Sala Ya),สฟฟ.ศาลายา,สฟฟ.ศาลายา,10.10.54.73,NE08E-S6,12,C3,SLY,,,,,
,508,C3_SS_PMB_NE08_1,C3_SS_PMB_NE08_1,สฟฟ.พุทธมณฑล 2(ES.Phuttamonthon 2),สฟฟ.พุทธมณฑล 2,สฟฟ.พุทธมณฑล 2,10.10.54.74,NE08E-S6,12,C3,PMB,,,,,
,509,C3_EO_DOT_NE08_1,C3_EO_DOT_NE08_1,กฟอ.ดอนตูม(DE.Don Tum),กฟอ.ดอนตูม,กฟอ.ดอนตูม,10.10.54.75,NE08E-S6,12,C3,DOT,,,,,
,510,C3_SS_NCB_NE08_1,New_C3_SS_NCB_NE08_1,สฟฟ.นครชัยศรี 2,สฟฟ.นครชัยศรี 2,สฟฟ.นครชัยศรี 2,10.10.54.76,NE08E-S6E,12,C3,NCB,,,,,
,511,C3_SS_DOT_NE08_1,New_C3_SS_DOT_NE08_1,สฟฟ.ดอนตูม,สฟฟ.ดอนตูม,สฟฟ.ดอนตูม,10.10.54.77,NE08E-S6E,12,C3,DOT,,,,,
,512,C3_SS_NPV_NE08_1,New_C3_SS_NPV_NE08_1,สฟฟ.นครปฐม 3,สฟฟ.นครปฐม 3,สฟฟ.นครปฐม 3,10.10.54.78,NE08E-S6E,12,C3,NPV,,,,,
,513,C3_EO_KYI_NE8K_1,New_C3_EO_KYI_NE8K_1,กฟย.กรับใหญ่,กฟย.กรับใหญ่,กฟย.กรับใหญ่,10.10.54.79,NetEngine 8000 M6,12,C3,KYI,,,,,
,514,C3_SS_SPA_NE08_1,C3_SS_SPA_NE08_1,สฟฟ.สุพรรณบุรี(ES.Suphan Buri),สฟฟ.สุพรรณบุรี,สฟฟ.สุพรรณบุรี,10.10.54.8,NE08E-S6,11,C3,SPA,,,,,
,515,C3_SS_BPC_NE8K_1,New_C3_SS_BPC_NE8K_1,สฟฟ.บ้านโป่ง 3 (แทรกกลาง),สฟฟ.บ้านโป่ง 3 (แทรกกลาง),สฟฟ.บ้านโป่ง 3,10.10.54.80,NetEngine 8000 M6,12,C3,BPC,,,,,
,516,C3_SS_TMU_NE8K_1,New_C3_SS_TMU_NE8K_1,สฟฟ.ท่ามะกา2,สฟฟ.ท่ามะกา2,สฟฟ.ท่ามะกา 2,10.10.54.81,NetEngine 8000 M6,12,C3,TMU,,,,,
,517,C3_SS_BEB_NE8K_1,New_C3_SS_BEB_NE8K_1,สฟฟ.บางเลน2 (แทรกกลาง),สฟฟ.บางเลน2 (แทรกกลาง),สฟฟ.บางเลน 2,10.10.54.82,NetEngine 8000 M6,12,C3,BEB,,,,,
,518,C3_SS_BEC_NE08_1,C3_SS_BEC_NE08_1,สฟฟ.บางเลน 3 (ชค),สฟฟ.บางเลน 3 (ชค),สฟฟ.บางเลน 3 (ชค),10.10.54.83,NE08E-S6,13,C3,BEC,,,,,
,519,C3_EO_BGM_NE08_1,C3_EO_BPM_NE08_1,กฟอ.บางปลาม้า(DE.Bangplama),กฟอ.บางปลาม้า,กฟอ.บางปลาม้า,10.10.54.9,NE08E-S6,11,C3,BPM,,,,,
,520,C3_EO_KCA_NE08_1,C3_EO_KCA_NE8K_1,กฟจ.กาญจนบุรี ,กฟจ.กาญจนบุรี ,กฟจ.กาญจนบุรี,10.10.55.1,NetEngine 8000 M6,11,C3,KCA,,,,,
,521,C3_SS_KCB_NE08_1,New_C3_SS_KCB_NE08_1,สฟฟ.กาญจนบุรี 2,สฟฟ.กาญจนบุรี 2,สฟฟ.กาญจนบุรี 2,10.10.55.10,NE08E-S6E,15,C3,KCB,,,,,
,522,C3_EO_LYA_NE08_1,New_C3_EO_LYA_NE08_1,กฟส.ลาดหญ้า,กฟส.ลาดหญ้า,กฟส.ลาดหญ้า,10.10.55.11,NE08E-S6E,15,C3,LYA,,,,,
,523,C3_EO_VLA_NE08_1,New_C3_EO_TPM_NE08_1,กฟส.ทองผาภูมิ,กฟส.ทองผาภูมิ,กฟส.ทองผาภูมิ,10.10.55.12,NE08E-S6E,15,C3,TPM,,,,,
,524,C3_EO_BPA_NE08_1,New_C3_EO_BPA_NE08_1,กฟอ.บ้านโป่ง,กฟอ.บ้านโป่ง,กฟอ.บ้านโป่ง,10.10.55.13,NE08E-S6E,15,C3,BPA,,,,,
,525,C3_EO_NOM_NE08_1,New_C3_EO_NOM_NE08_1,กฟย.หนองปลาหมอ,กฟย.หนองปลาหมอ,กฟย.หนองปลาหมอ,10.10.55.14,NE08E-S6E,15,C3,NOM,,,,,
,526,C3_SS_BPB_NE08_3,New_C3_SS_BPB_NE08_3,สฟฟ.บ้านโป่ง 2,สฟฟ.บ้านโป่ง 2,สฟฟ.บ้านโป่ง 2,10.10.55.15,NE08E-S6,15,C3,BPB,,,,,
,527,C3_SS_TMK_NE08_2,New_C3_SS_TMK_NE08_2,สฟฟ.ท่ามะกา,สฟฟ.ท่ามะกา,สฟฟ.ท่ามะกา,10.10.55.16,NE08E-S6,15,C3,TMK,,,,,
,528,C3_WH_KCI_NE08_2,C3_WH_KCI_NE08_2,คลังพัสดุกาญจนบุรี,คลังพัสดุกาญจนบุรี,คลังพัสดุกาญจนบุรี,10.10.55.17,NE08E-S6,11,C3,KCI,,,,,
,529,C3_EO_DMA_NE08_1,C3_EO_DMA_NE8K_1,กฟย.ด่านมะขามเตี้ย,กฟย.ด่านมะขามเตี้ย,กฟส.ด่านมะขามเตี้ย,10.10.55.18,NetEngine 8000 M6,15,C3,DMA,,,,,
,530,C3_SS_NOM_NE08_1,New_C3_SS_NOM_NE08_1,สฟฟ.หนองปลาหมอ,สฟฟ.หนองปลาหมอ,สฟฟ.หนองปลาหมอ,10.10.55.19,NE08E-S6E,15,C3,NOM,,,,,
,531,C3_EO_CCPKB_NE08_1,New_C3_EO_CCPKB_NE08_1,โรงหล่อท่าม่วง,โรงหล่อท่าม่วง,โรงหล่อท่าม่วง,10.10.55.2,NE08E-S6E,15,C3,CCP,,,,,
,532,C3_EO_TSR_NE80_1,New_C3_EO_TSR_NE08_1,กฟย.บ้านตลาดสำรอง,กฟย.บ้านตลาดสำรอง,กฟย.บ้านตลาดสำรอง,10.10.55.20,NE08E-S6E,15,C3,TSR,,,,,
,533,C3_EO_TKD_NE80_1,New_C3_EO_TKD_NE08_1,กฟย.ท่ากระดาน,กฟย.ท่ากระดาน,กฟย.ท่ากระดาน,10.10.55.21,NE08E-S6E,15,C3,TKD,,,,,
,534,C3_SS_TMB_NE8K_1,C3_SS_TMB_NE08_1,สฟฟ.ท่าม่วง 2 (แทรกกลาง),สฟฟ.ท่าม่วง 2 (แทรกกลาง),สฟฟ.ท่าม่วง 2,10.10.55.22,NE08E-S6E,15,C3,TMB,,,,,
,535,C3_EO_SYA_NE8K_1,New_C3_EO_SYA_NE8K_1,กฟอ.ไทรโยค (แทรกกลาง),กฟอ.ไทรโยค (แทรกกลาง),กฟอ.ไทรโยค,10.10.55.23,NetEngine 8000 M6,15,C3,SYA,,,,,
,536,C3_EO_SKB_NE8K_1,New_C3_EO_SKB_NE8K_1,กฟย.สังขละบุรี,กฟย.สังขละบุรี,กฟย.สังขละบุรี,10.10.55.24,NetEngine 8000 M6,15,C3,SKB,,,,,
,537,C3_SS_KCC_NE8K_1,C3_SS_KCC_NE08_1,สฟฟ.กาญจนบุรี 3 (แทรกกลาง),สฟฟ.กาญจนบุรี 3 (แทรกกลาง),สฟฟ.กาญจนบุรี 3,10.10.55.25,NE08E-S6E,15,C3,KCC,,,,,
,538,C3_EO_SSW_NE8K_1,C3_EO_SSW_NE8K_1,กฟย.ศรีสวัสดิ์,กฟย.ศรีสวัสดิ์,กฟย.ศรีสวัสดิ์,10.10.55.26,NetEngine 8000 M6,15,C3,SSW,,,,,
,539,C3_SS_KCD_NE08_1,C3_SS_KCD_NE08_1,สฟฟ.กาญจนบุรี 4,สฟฟ.กาญจนบุรี 4,สฟฟ.กาญจนบุรี 4,10.10.55.27,NE08E-S6E,15,C3,KCD,,,,,
,540,C3_EO_TMK_NE08_1,New_C3_EO_TMK_NE08_1,กฟอ.ท่ามะกา,กฟอ.ท่ามะกา,กฟส.ท่ามะกา,10.10.55.3,NE08E-S6E,15,C3,TMK,,,,,
,541,C3_EO_TAR_NE08_1,New_C3_EO_TAR_NE08_1,กฟอ.ท่าเรือ,กฟอ.ท่าเรือ,กฟส.ท่าเรือ,10.10.55.4,NE08E-S6E,15,C3,TAR,,,,,
,542,C3_EO_TMA_NE08_1,New_C3_EO_TMA_NE08_1,กฟอ.ท่าม่วง,กฟอ.ท่าม่วง,กฟส.ท่าม่วง,10.10.55.5,NE08E-S6E,15,C3,TMA,,,,,
,543,C3_SS_TMA_NE08_1,New_C3_SS_TMA_NE08_1,สฟฟ.ท่าม่วง,สฟฟ.ท่าม่วง,สฟฟ.ท่าม่วง,10.10.55.6,NE08E-S6E,15,C3,TMA,,,,,
,544,C3_SS_BNP_NE08_1,C3_SS_BNP_NE08_1,สฟฟ.บ้านแพ้ว,สฟฟ.บ้านแพ้ว,สฟฟ.บ้านแพ้ว,10.10.55.65,NE08E-S6,21,C3,BNP,,,,,
,545,C3_SS_THS_NE08_1,C3_SS_THS_NE08_1_Ph.1,สฟฟ.ท่าทราย,สฟฟ.ท่าทราย1,สฟฟ.ท่าทราย 1,10.10.55.66,NE08E-S6,21,C3,THS,,,,,
,546,C3_SS_SME_NE08_1,C3_SS_SME_NE08_1_Ph.2,สฟฟ.สมุทรสาคร 5,สฟฟ.สมุทรสาคร 5,สฟฟ.สมุทรสาคร 5,10.10.55.67,NE08E-S6E,21,C3,SME,,,,,
,547,C3_SS_SMB_NE08_1,C3_SS_SMB_NE08_1_Ph.2,สฟฟ.สมุทรสาคร 2,สฟฟ.สมุทรสาคร 2,สฟฟ.สมุทรสาคร 2,10.10.55.68,NE08E-S6E,21,C3,SMB,,,,,
,548,C3_EO_KGL_NE8K_1,C3_EO_KGL_NE8K_1_Ph.4,กฟย.กาหลง,กฟย.กาหลง,กฟย.ต.กาหลง,10.10.55.69,NetEngine 8000 M6,21,C3,KGL,,,,,
,549,C3_SS_SYA_NE08_1,New_C3_SS_SYA_NE08_1,สฟฟ.ไทรโยค,สฟฟ.ไทรโยค,สฟฟ.ไทรโยค,10.10.55.7,NE08E-S6E,15,C3,SYA,,,,,
,550,C3_SS_SMK_NE8K_1,C3_SS_SMZ_NE8K_1,สฟฟ.สมุทรสาคร 11,สฟฟ.สมุทรสาคร 11,สฟฟ.สมุทรสาคร 11,10.10.55.70,NetEngine 8000 M6,21,C3,SMK,,,,,
,551,C3_EO_SMA_NE8K_1,C3_EO_SMA_NE8K_1_PH.4,กฟจ.สมุทรสาคร,กฟจ.สมุทรสาคร,กฟจ.สมุทรสาคร,10.10.55.71,NetEngine 8000 M6,21,C3,SMA,,,,,
,552,C3_SS_SMD_NE08_1,C3_SS_SMD_NE08_1_Ph1,สฟฟ.สมุทรสาคร 4,สฟฟ.สมุทรสาคร 4,สฟฟ.สมุทรสาคร 4,10.10.55.72,NE08E-S6,21,C3,SMD,,,,,
,553,C3_SS_SMF_NE08_1,C3_SS_SMF_NE08_1_Ph.2,สฟฟ.สมุทรสาคร 6,สฟฟ.สมุทรสาคร 6,สฟฟ.สมุทรสาคร 6,10.10.55.73,NE08E-S6E,21,C3,SMF,,,,,
,554,C1_SS_SXA_NE08_1,C3_SS_SXA_NE08_1_Ph.2,สฟฟ.สินสาคร,สฟฟ.สินสาคร,สฟฟ.สินสาคร,10.10.55.74,NE08E-S6E,21,C3,SXA,,,,,
,555,C3_EO_KKH_NE8K_1,C3_EO_KKH_NE8K_1_Ph4,กฟส.โคกขาม,กฟส.โคกขาม,กฟส.โคกขาม,10.10.55.75,NetEngine 8000 M6,21,C3,KKH,,,,,
,556,C3_SS_EKA_NE08_1,C3_SS_EKA_NE8K_1,สฟฟ.เอกชัย 1,สฟฟ.เอกชัย 1,สฟฟ.เอกชัย 1,10.10.55.76,NetEngine 8000 M6,21,C3,EKA,,,,,
,557,C3_SS_EKB_NE08_1,C3_SS_EKB_NE08_1,สฟฟ.เอกชัย 2,สฟฟ.เอกชัย 2,สฟฟ.เอกชัย 2,10.10.55.77,NE08E-S6E,13,C3,EKB,,,,,
,558,C3_SS_SMH_NE8K_1,C3_SS_SMH_NE8K_1_Ph4,สฟฟ.สมุทรสาคร 8 (แทรกกลาง),สฟฟ.สมุทรสาคร 8 (แทรกกลาง),สฟฟ.สมุทรสาคร 8,10.10.55.78,NetEngine 8000 M6,13,C3,SMH,,,,,
,559,C3_SS_SMC_NE08_1,C3_SS_SMC_NE08_1,สฟฟ.สมุทรสาคร 3,สฟฟ.สมุทรสาคร 3,สฟฟ.สมุทรสาคร 3,10.10.55.79,NE08E-S6,21,C3,SMC,,,,,
,560,C3_SS_KCA_NE08_1,New_C3_SS_KCA_NE08_1,สฟฟ.กาญจนบุรี 1,สฟฟ.กาญจนบุรี 1,สฟฟ.กาญจนบุรี 1,10.10.55.8,NE08E-S6E,15,C3,KCA,,,,,
,561,C3_SS_SML_NE8K_1,C3_SS_SML_NE8K_1_Ph4,สฟฟ.สมุทรสาคร 12 (แทรกกลาง),สฟฟ.สมุทรสาคร 12 (แทรกกลาง),สฟฟ.สมุทรสาคร 12,10.10.55.80,NetEngine 8000 M6,13,C3,SML,,,,,
,562,C3_SS_SMI_NE08_1,C3_SS_SMI_NE08_1_Ph2,สฟฟ.สมุทรสาคร 9,สฟฟ.สมุทรสาคร 9,สฟฟ.สมุทรสาคร 9,10.10.55.81,NE08E-S6E,13,C3,SMI,,,,,
,563,C3_SS_KTB_NE08_1,C3_SS_KTB_NE08_1,สฟฟ.กระทุ่มแบน 2,สฟฟ.กระทุ่มแบน 2,สฟฟ.กระทุ่มแบน 2,10.10.55.82,NE08E-S6,21,C3,KTB,,,,,
,564,C3_SS_KTU_NE8K_1,C3_SS_KTU_NE8K_1_Ph4,สฟฟ.กระทุ่มแบน  6,สฟฟ.กระทุ่มแบน  6,สฟฟ.กระทุ่มแบน 6,10.10.55.83,NetEngine 8000 M6,13,C3,KTU,,,,,
,565,C3_SS_KTA_NE08_2,C3_SS_KTA_NE08_2,สฟฟ.กระทุ่มแบน 1,สฟฟ.กระทุ่มแบน 1,สฟฟ.กระทุ่มแบน 1,10.10.55.84,NE08E-S6,21,C3,KTA,,,,,
,566,C3_EO_KTA_NE08_1,C3_EO_KTA_NE08_1,กฟอ.กระทุ่มแบน,กฟอ.กระทุ่มแบน,กฟอ.กระทุ่มแบน,10.10.55.85,NE08E-S6E,21,C3,KTA,,,,,
,567,C3_SS_KTE_NE08_1,C3_SS_KTE_NE08_1,สฟฟ.กระทุ่มแบน 5,สฟฟ.กระทุ่มแบน 5,สฟฟ.กระทุ่มแบน 5,10.10.55.86,NE08E-S6E,21,C3,KTE,,,,,
,568,C3_SS_SMJ_NE8K_1,C3_SS_SMJ_NE8K_1_Ph4,สฟฟ.สมุทรสาคร 10 (แทรกกลาง),สฟฟ.สมุทรสาคร 10 (แทรกกลาง),สฟฟ.สมุทรสาคร 10,10.10.55.87,NetEngine 8000 M6,13,C3,SMJ,,,,,
,569,C3_SS_BAL_NE08_1,C3_SS_BAL_NE08_1,สฟฟ.บางปลา,สฟฟ.บางปลา,สฟฟ.บางปลา,10.10.55.88,NE08E-S6,21,C3,BAL,,,,,
,570,C3_SS_SMA_NE08_1,C3_SS_SMA_NE08_1,สฟฟ.สมุทรสาคร 1,สฟฟ.สมุทรสาคร 1,สฟฟ.สมุทรสาคร 1,10.10.55.89,NE08E-S6,21,C3,SMA,,,,,
,571,C3_SS_DMA_NE08_1,C3_SS_DMA_NE8K_1,สฟฟ.ด่านมะขามเตี้ย,สฟฟ.ด่านมะขามเตี้ย,สฟฟ.ด่านมะขามเตี้ย,10.10.55.9,NetEngine 8000 M6,15,C3,DMA,,,,,
,572,C3_SS_SMG_NE08_1,C3_SS_SMG_NE08_1,สฟฟ.สมุทรสาคร 7,สฟฟ.สมุทรสาคร 7,สฟฟ.สมุทรสาคร 7,10.10.55.90,NE08E-S6E,21,C3,SMG,,,,,
,573,C3_EO_BNC_NE8K_1,C3_EO_BNC_NE8K_1_Ph4,กฟย.บางน้ำจืด,กฟย.บางน้ำจืด,กฟย.ต.บางน้ำจืด,10.10.55.91,NetEngine 8000 M6,21,C3,BNC,,,,,
,574,C3_SS_THT_NE8K_1,C3_SS_THT_NE8K_1_Ph.4,สฟฟ.ท่าทราย 2,สฟฟ.ท่าทราย 2,สฟฟ.ท่าทราย 2,10.10.55.92,NetEngine 8000 M6,21,C3,THT,,,,,
,575,OSN_C2_ADDC_EO_CBR_NE08_1,OSN_C2_ADDC_EO_CBR_NE08_1,ศจฟ.กฟก.2 (ชลบุรี),ศจฟ.กฟก.2 ,ศจฟ.กฟก.2,10.42.247.10,OptiX OSN 1800,PE,C2,CBR,,,,,
,576,OSN_EO_TPM_NE08_1,OSN_EO_TPM_NE08_1,กฟส.ทองผาภูมิ,กฟส.ทองผาภูมิ,กฟส.ทองผาภูมิ,10.42.247.102,OptiX OSN 1800,15,C3,TPM,,,,,
,577,OSN_EO_TPM_NE08_3,OSN_EO_TPM_NE08_3,กฟส.ทองผาภูมิ,กฟส.ทองผาภูมิ,กฟส.ทองผาภูมิ,10.42.247.106,OptiX OSN 1800,15,C3,TPM,,,,,
,578,OSN_C2_SS_CCS,OSN_C2_SS_CCS,สฟฟ.ฉะเชิงเทรา(ES.Chachoengsao),สฟฟ.ฉะเชิงเทรา,สฟฟ.ฉะเชิงเทรา,10.42.247.110,OptiX OSN 1800,PE,C2,CCS,,,,,
,579,New_OSN_C2_CBI_SS_NE40,New_OSN_C2_CBI_SS_NE40,ศจฟ.กฟก.2 (ชลบุรี),ศจฟ.กฟก.2 ,ศจฟ.กฟก.2,10.42.247.114,OptiX OSN 1800,PE,C2,CBI,,,,,
,580,OSN_SS_KPO_NE40_2,OSN_SS_KPO_NE40_2,สฟฟ.เกาะโพธิ์,สฟฟ.เกาะโพธิ์,สฟฟ.เกาะโพธิ์,10.42.247.118,OptiX OSN 1800,PE,C2,KPO,,,,,
,581,OSN_C2_SS_KPO-02,OSN_C2_SS_KPO-02,สฟฟ.เกาะโพธิ์,สฟฟ.เกาะโพธิ์,สฟฟ.เกาะโพธิ์,10.42.247.122,OptiX OSN 1800,PE,C2,KPO,,,,,
,582,OSN_C2_SS_KPO-03,OSN_C2_SS_KPO-03,สฟฟ.เกาะโพธิ์,สฟฟ.เกาะโพธิ์,สฟฟ.เกาะโพธิ์,10.42.247.126,OptiX OSN 1800,PE,C2,KPO,,,,,
,583,New_OSN_C2_SS_BBA,New_OSN_C2_SS_BBA,สฟฟ.บ้านบึง 1,สฟฟ.บ้านบึง 1,สฟฟ.บ้านบึง 1,10.42.247.130,OptiX OSN 1800,PE,C2,BBA,,,,,
,584,New_OSN_C3_WH_KCI_1,New_OSN_C3_WH_KCI_1,คลังพัสดุกาญจนบุรี,คลังพัสดุกาญจนบุรี,คลังพัสดุกาญจนบุรี,10.42.247.134,OptiX OSN 1800,PE,C3,KCI,,,,,
,585,New_OSN_C3_WH_KCI_2,New_OSN_C3_WH_KCI_2,คลังพัสดุกาญจนบุรี,คลังพัสดุกาญจนบุรี,คลังพัสดุกาญจนบุรี,10.42.247.138,OptiX OSN 1800,PE,C3,KCI,,,,,
,586,OSN_C2_SS_BBA_NE08_1,OSN_C2_SS_BBA_NE08_1,สฟฟ.บ้านบึง 1,สฟฟ.บ้านบึง 1,สฟฟ.บ้านบึง 1,10.42.247.14,OptiX OSN 1800,PE,C2,BBA,,,,,
,587,New_OSN_C3_SS_BEA_NE08_1,New_OSN_C3_SS_BEA_NE08_1,สฟฟ.บางเลน,สฟฟ.บางเลน,สฟฟ.บางเลน,10.42.247.142,OptiX OSN 1800,11,C3,BEA,,,,,
,588,OSN_C3_SS_BPB_NE08_2,OSN_C3_SS_BPB_NE08_2,สฟฟ.บ้านโป่ง 2,สฟฟ.บ้านโป่ง 2,สฟฟ.บ้านโป่ง 2,10.42.247.146,OptiX OSN 1800,11,C3,BPB,,,,,
,589,New_OSN_C3_EO_NPR,New_OSN_C3_EO_NPR,กฟย.หนองปรือ,กฟย.หนองปรือ,กฟย.หนองปรือ,10.42.247.150,OptiX OSN 1800,11,C3,NPR,,,,,
,590,OSN_EO_TKD_NE8K_1,OSN_EO_TKD_NE8K_1,กฟย.ท่ากระดาน,กฟย.ท่ากระดาน,กฟย.ท่ากระดาน,10.42.247.154,OptiX OSN 1800,15,C3,TKD,,,,,
,591,OSN_EO_TKD_NE8K_2,OSN_EO_TKD_NE8K_2,กฟย.ท่ากระดาน,กฟย.ท่ากระดาน,กฟย.ท่ากระดาน,10.42.247.158,OptiX OSN 1800,15,C3,TKC,,,,,
,592,New_OSN_C3_EO_LYA_1,New_OSN_C3_EO_LYA_1,กฟส.ลาดหญ้า,กฟส.ลาดหญ้า,กฟส.ลาดหญ้า,10.42.247.162,OptiX OSN 1800,15,C3,LYA,,,,,
,593,OSN_C3_EO_SYA_2,OSN_C3_EO_SYA_2,กฟอ.ไทรโยค (แทรกกลาง),กฟอ.ไทรโยค (แทรกกลาง),กฟอ.ไทรโยค,10.42.247.166,OptiX OSN 1800,15,C3,SYA,,,,,
,594,New_OSN_C3_EO_DAA_NE08_1,New_OSN_C3_EO_DAA_NE08_1,สฟฟ.ด่านช้าง,สฟฟ.ด่านช้าง,สฟฟ.ด่านช้าง,10.42.247.170,OptiX OSN 1800,11,C3,DAA,,,,,
,595,OSN_C1_ADDC_EO_AYY_NE08_1,OSN_C1_ADDC_EO_AYY_NE08_1,ศจฟ.กฟก.1 (อยุธยา),ศจฟ. กฟก.1 (อยุธยา) ,ศจฟ.กฟก.1,10.42.247.18,OptiX OSN 1800,2,C1,AYY,,,,,
,596,OSN_C3_SS_BPB_NE08_1,OSN_C3_SS_BPB_NE08_1,สฟฟ.บ้านโป่ง 2,สฟฟ.บ้านโป่ง 2,สฟฟ.บ้านโป่ง 2,10.42.247.2,OptiX OSN 1800,PE,C3,BPB,,,,,
,597,OSN_C1_SS_KYE_NE08_1,OSN_C1_SS_KYE_NE08_1,สฟฟ.โคกแย้(ES.kok Yae),สฟฟ.โคกแย้,สฟฟ.โคกแย้,10.42.247.22,OptiX OSN 1800,2,C1,KYE,,,,,
,598,OSN_C1_SS_PAB_NE08_1,OSN_C1_SS_PAB_NE08_1,สฟฟ.ปราจีนบุรี 2,สฟฟ.ปราจีนบุรี 2,สฟฟ.ปราจีนบุรี 2,10.42.247.26,OptiX OSN 1800,6,C1,PAB,,,,,
,599,OSN_C1_SS_SKW_NE08_1,OSN_C1_SS_SKW_NE08_1,สฟฟ.สระแก้ว,สฟฟ.สระแก้ว,สฟฟ.สระแก้ว,10.42.247.30,OptiX OSN 1800,6,C1,SKW,,,,,
,600,OSN_C1_EO_WNN_NE08_1,OSN_C1_EO_WNN_NE08_1,กฟอ.วังน้ำเย็น(DE.Wang Nam Yen),กฟอ.วังน้ำเย็น,กฟอ.วังน้ำเย็น,10.42.247.38,OptiX OSN 1800,6,C1,WNN,,,,,
,601,OSN_C1_SS_WYA_NE08_1,OSN_C1_SS_WYA_NE08_1,สฟฟ.วังน้ำเย็น,สฟฟ.วังน้ำเย็น,สฟฟ.วังน้ำเย็น,10.42.247.46,OptiX OSN 1800,6,C1,WYA,,,,,
,602,New_OSN_C2_TTA_NE08,New_OSN_C2_TTA_NE08,สฟฟ.ตราด,สฟฟ.ตราด,สฟฟ.ตราด,10.42.247.53,OptiX OSN 1800,PE,C2,TTA,,,,,
,603,OSN_SS_KYA_NE08_1,OSN_SS_KYA_NE08_1,สฟฟ.คลองใหญ่,สฟฟ.คลองใหญ่,สฟฟ.คลองใหญ่,10.42.247.58,OptiX OSN 1800,10,C2,KYA,,,,,
,604,OSN_C3_SS_BEA_NE08_1,OSN_C3_SS_BEA_NE08_1,สฟฟ.บางเลน,สฟฟ.บางเลน,สฟฟ.บางเลน,10.42.247.6,OptiX OSN 1800,PE,C3,BEA,,,,,
,605,New_OSN_C3_EO_BOP,New_OSN_C3_EO_BOP,สฟฟ.บ่อพลอย,สฟฟ.บ่อพลอย,สฟฟ.บ่อพลอย,10.42.247.70,OptiX OSN 1800,PE,C3,BOP,,,,,
,606,New_OSN_C3_EO_TQA,New_OSN_C3_EO_TQA,กฟย.ทุ่งคอก,กฟย.ทุ่งคอก,กฟย.ทุ่งคอก,10.42.247.74,OptiX OSN 1800,PE,C3,TQA,,,,,
,607,OSN_SS_SYA_NE08,OSN_SS_SYA_NE08,สฟฟ.ไทรโยค,สฟฟ.ไทรโยค,สฟฟ.ไทรโยค,10.42.247.77,OptiX OSN 1800,15,C3,SYA,,,,,
,608,New_OSN_C3_EO_SYA,New_OSN_C3_EO_SYA,กฟอ.ไทรโยค (แทรกกลาง),กฟอ.ไทรโยค (แทรกกลาง),กฟอ.ไทรโยค,10.42.247.81,OptiX OSN 1800,15,C3,SYA,,,,,
,609,OSN_EO_SKB_NE08,OSN_EO_SKB_NE08,กฟย.สังขละบุรี,กฟย.สังขละบุรี,กฟย.สังขละบุรี,10.42.247.86,OptiX OSN 1800,15,C3,SKB,,,,,
,610,OSN_C3_EO_SYA_1,OSN_C3_EO_SYA_1,กฟอ.ไทรโยค (แทรกกลาง),กฟอ.ไทรโยค (แทรกกลาง),กฟอ.ไทรโยค,10.42.247.90,OptiX OSN 1800,15,C3,SYA,,,,,
,611,New_OSN_C3_EO_LYA_4,New_OSN_C3_EO_LYA_4,กฟส.ลาดหญ้า,กฟส.ลาดหญ้า,กฟส.ลาดหญ้า,10.42.247.94,OptiX OSN 1800,15,C3,LYA,,,,,
,612,OSN_EO_TPM_NE08_2,OSN_EO_TPM_NE08_2,กฟส.ทองผาภูมิ,กฟส.ทองผาภูมิ,กฟส.ทองผาภูมิ,10.42.247.98,OptiX OSN 1800,15,C3,TPM,,,,,
,613,INMS_PC_TEST,INMS_PC_TEST,#N/A,#N/A,#N/A,10.43.107.66,3rd-Party ICMP Device,PE,HQ,HQ,,,,,
,614,S3_SS_TUA_A903,S3_SS_TUA_A903,#N/A,#N/A,#N/A,10.43.46.70,3rd-Party ICMP Device,PE,S3,TUA,,,,,
,615,S3_EO_KHL_A903,S3_EO_KHL_A903,#N/A,#N/A,#N/A,10.43.46.72,SNMP Device,PE,S3,KHL,,,,,
,616,OSN_C1_EO_BHK_NE40_1,OSN_C1_EO_BHK_NE40_1,กฟฟ.บ้านหินกอง,กฟฟ.บ้านหินกอง,กฟฟ.บ้านหินกอง,10.43.85.10,OptiX OSN 1800,PE,C1,BHK,,,,,
,617,OSN_C2_SS_CTA,OSN_C2_SS_CTA,สฟฟ.จันทบุรี,สฟฟ.จันทบุรี,สฟฟ.จันทบุรี,10.43.85.102,OptiX OSN 1800 II TP,PE,C2,CTA,,,,,
,618,OSN_C1_SS_BSA_NE40,OSN_C1_SS_BSA_NE40,สฟฟ.บางไทร,สฟฟ.บางไทร,สฟฟ.บางไทร,10.43.85.13,OptiX OSN 1800,PE,C1,BSA,,,,,
,619,OSN_SS_PJA_NE40,OSN_SS_PJA_NE40,สฟฟ.พระพุทธบาท 1,สฟฟ.พระพุทธบาท 1,สฟฟ.พระพุทธบาท 1,10.43.85.18,OptiX OSN 1800,PE,C1,PJA,,,,,
,620,C3_OSN_EO_DAA_NE8KM14_1,C3_OSN_EO_DAA_NE8KM14_1,สฟฟ.ด่านช้าง,สฟฟ.ด่านช้าง,สฟฟ.ด่านช้าง,10.43.85.198,OptiX OSN 1800 II TP,PE,C3,DAA,,,,,
,621,OSN_C3_EO_SPI_A9K,OSN_C3_EO_SPI_A9K,กฟจ.สุพรรณบุรี(PE.Suphan Buri),กฟจ.สุพรรณบุรี,กฟจ.สุพรรณบุรี,10.43.85.202,OptiX OSN 1800 II TP,PE,C3,SPI,,,,,
,622,OSN_C2_SS_PLU_NE40_1,OSN_C2_SS_PLU_NE40_1,สฟฟ.ปลวกแดง 1,สฟฟ.ปลวกแดง 1,สฟฟ.ปลวกแดง 1,10.43.85.22,OptiX OSN 1800,PE,C2,PLU,,,,,
,623,OSN_C1_EO_BHK_NE40_2,OSN_C1_EO_BHK_NE40_2,กฟฟ.บ้านหินกอง,กฟฟ.บ้านหินกอง,กฟฟ.บ้านหินกอง,10.43.85.30,OptiX OSN 1800,PE,C1,BHK,,,,,
,624,OSN_C2_SS_PLU_NE40_2,OSN_C2_SS_PLU_NE40_2,สฟฟ.ปลวกแดง 1,สฟฟ.ปลวกแดง 1,สฟฟ.ปลวกแดง 1,10.43.85.34,OptiX OSN 1800,PE,C2,PLU,,,,,
,625,OSN_C1_EO_RSA_NE40,OSN_C1_EO_RSA_NE40,DRC#2,DRC#2,DRC#2,10.43.85.37,OptiX OSN 1800,PE,HQ,DRC#2,,,,,
,626,OSN_C1_EO_SBI_NE40,OSN_C1_EO_SBI_NE40,กฟจ.สระบุรี,กฟจ.สระบุรี,กฟจ.สระบุรี,10.43.85.42,OptiX OSN 1800,PE,C1,SBI,,,,,
,627,OSN_C1_SS_WAM_NE08_1,OSN_C1_SS_WAM_NE08_1,สฟฟ.วังม่วง,สฟฟ.วังม่วง,สฟฟ.วังม่วง,10.43.85.45,OptiX OSN 1800,4,C1,WAM,,,,,
,628,OSN_C1_ADDC_NE40,OSN_C1_ADDC_NE40,ศจฟ.กฟก.1 (อยุธยา),ศจฟ. กฟก.1 (อยุธยา) ,ศจฟ.กฟก.1,10.43.85.49,OptiX OSN 1800,PE,C1,AYY,,,,,
,629,OSN_SS_CBI_NE40_2,OSN_SS_CBI_NE40_2,ศจฟ.กฟก.2 (ชลบุรี),ศจฟ.กฟก.2 ,ศจฟ.กฟก.2,10.43.85.54,OptiX OSN 1800,PE,C2,CBI,,,,,
,630,OSN_C2_RAC_NE40,OSN_C2_RAC_NE40,สฟฟ.ระยอง 3,สฟฟ.ระยอง 3,สฟฟ.ระยอง 3,10.43.85.57,OptiX OSN 1800,PE,C2,RAC,,,,,
,631,OSN_C1_PAB_NE40,OSN_C1_PAB_NE40,สฟฟ.ปราจีนบุรี 2,สฟฟ.ปราจีนบุรี 2,สฟฟ.ปราจีนบุรี 2,10.43.85.90,OptiX OSN 1800 II TP,PE,C1,PAB,,,,,
,632,OSN_C2_SS_CCA_2,OSN_C2_SS_CCA_2,สฟฟ.ฉะเชิงเทรา(ES.Chachoengsao),สฟฟ.ฉะเชิงเทรา,สฟฟ.ฉะเชิงเทรา,10.43.85.94,OptiX OSN 1800 II TP,PE,C2,CCA,,,,,
,633,OSN_SS_KAA_NE40,OSN_SS_KAA_NE40,สฟฟ.แกลง 1,สฟฟ.แกลง 1,สฟฟ.แกลง 1,10.43.85.98,OptiX OSN 1800 II TP,PE,C2,KAA,,,,,
,634,C3_SS_UTH_NE08_1,C3_SS_UTH_NE08_1,สฟฟ.อู่ทอง 2,สฟฟ.อู่ทอง 2,สฟฟ.อู่ทอง 2,10.10.54.40,NE08E-S6E,15,C3,UTH,,,,,
,635,C2_SS_PYV_NE08_1,C2_SS_PYW_NE08_1,สฟฟ.พัทยาใต้ 3,สฟฟ.พัทยาใต้ 3,สฟฟ.พัทยาใต้ 3,10.10.52.157,NE08E-S6E,9,C2,PYV,,,,,
,636,C3_EO_DMA_NE8KM14_1,C3_EO_DMA_NE8KM14_1,กฟส.ด่านมะขามเตี้ย,กฟส.ด่านมะขามเตี้ย,กฟส.ด่านมะขามเตี้ย,10.10.0.181,NetEngine 8000 M14,"PE,15",C3,DMA,,,,,
,637,OSN_SS_KYA_NE08_2,OSN_C2_SS_KYA_2,สฟฟ.คลองใหญ่,สฟฟ.คลองใหญ่,สฟฟ.คลองใหญ่,10.42.247.62,OptiX OSN 1800,10,C2,KYA,,,,,
,638,C1_HQ_DRC1_NE8K_4,C1_HQ_DRC1_NE8K_4,DRC#1,DRC#1,DRC#1,10.10.50.100,NetEngine 8000 M6,2,HQ,DRC#1,,,,,
,639,HQ_HQ_NE8KM14_1,HQ_HQ_NE8KM14_1,สำนักงานใหญ่ กฟภ. (อสก.3),สำนักงานใหญ่ กฟภ. (อสก.3),สำนักงานใหญ่ กฟภ. (อสก.3),10.10.0.184,NetEngine 8000 M14,"PE,1",HQ,HQ,,,,,
,640,Cisco_DRC#1,Cisco_DRC#1,Cisco_DRC#1,Cisco_DRC#1,Cisco_DRC#1,10.10.0.17,3rd-Party ICMP Device,"PE,1,2",HQ,DRC#1,,,,,
,641,C1_SS_SKW_NE08_2,C1_SS_SKW_NE08_2,สฟฟ.สระแก้ว,สฟฟ.สระแก้ว,สฟฟ.สระแก้ว,10.10.50.104,NE08E-S6,6,C1,SKW,,,,,
,642,C2_SS_LMA_NE08_1,C2_SS_LMA_NE08_1,สฟฟ.หลักชัยเมืองยาง,สฟฟ.หลักชัยเมืองยาง,สฟฟ.หลักชัยเมืองยาง,10.10.52.46,NE08E-S6,20,C2,LMA,,,,,
,643,C3_SS_OYI_NE8KM14_1,C3_SS_OYI_NE8KM14_1,สฟฟ.อ้อมใหญ่ 1,สฟฟ.อ้อมใหญ่ 1,สฟฟ.อ้อมใหญ่ 1,10.10.0.186,NetEngine 8000 M14,"PE,13",C3,OYI,,,,,
,644,C2_SS_RIA_NE08_1,C2_SS_RIA_NE08_1,สฟฟ.บ่อไร่,สฟฟ.บ่อไร่,สฟฟ.บ่อไร่,10.10.52.47,NE08E-S6,10,C2,RIA,,,,,
,645,C3_SS_XMU_NE08_1,C3_SS_XMU_NE08_1,สฟฟ.สมุทรสาคร 14 (ชค),สฟฟ.สมุทรสาคร 14 (ชค),สฟฟ.สมุทรสาคร 14 (ชค),10.10.54.45,NE08E-S6,21,C3,XMU,,,,,
,646,C1_SS_WYA_OSN,C1_SS_WYA_OSN,สฟฟ.วังน้ำเย็น,สฟฟ.วังน้ำเย็น,สฟฟ.วังน้ำเย็น,10.43.85.214,OptiX OSN 1800 II TP,PE,C1,WYA,,,,,
,647,C1_HQ_DRC1_NE8K_1,C1_HQ_DRC1_NE8K_1,DRC#1,DRC#1,DRC#1,10.10.50.97,NetEngine 8000 M6,1,HQ,DRC#1,,,,,
,648,C1_SS_TPV_NE8K_1,C1_SS_TPV_NE8K_1,สฟฟ.ตาพระยา (ชค),สฟฟ.ตาพระยา (ชค),สฟฟ.ตาพระยา (ชค),10.10.50.109,NetEngine 8000 M6,6,C1,TPV,,,,,
,649,C3_SS_EKA_NE8KM14_1,C3_SS_EKA_NE8KM14_1,สฟฟ.เอกชัย 1,สฟฟ.เอกชัย 1,สฟฟ.เอกชัย 1,10.10.0.187,NetEngine 8000 M14,"PE,21",C3,EKA,,,,,
,650,C1_HQ_DRC1_NE8K_3,C1_HQ_DRC1_NE8K_3,DRC#1,DRC#1,DRC#1,10.10.50.99,NetEngine 8000 M6,1,HQ,DRC#1,,,,,
,651,C3_SS_UTG_NE8KM14_1,C3_SS_UTG_NE8KM14_1,สฟฟ.อู่ทอง 1,สฟฟ.อู่ทอง 1,สฟฟ.อู่ทอง 1,10.10.0.185,NetEngine 8000 M14,"PE,11",C3,UTG,,,,,
,652,C1_HQ_DRC1_NE8K_2,C1_HQ_DRC1_NE8K_2,DRC#1,DRC#1,DRC#1,10.10.50.98,NetEngine 8000 M6,1,HQ,DRC#1,,,,,
,653,C1_HQ_DRC2_NE8K_1,C1_HQ_DRC2_NE8K_1,DRC#2,DRC#2,DRC#2,10.10.50.101,NetEngine 8000 M6,1,HQ,DRC#2,,,,,
,654,C2_SS_APA_NE8K_2,C2_SS_APA_NE8K_2,สฟฟ.อ่าวไผ่ 1 ,สฟฟ.อ่าวไผ่ 1 ,สฟฟ.อ่าวไผ่ 1 ,10.10.52.44,NetEngine 8000 M6,8,C2,APA,,,,,
,655,C1_SS_SKW_NE40,C1_SS_SKW_NE40,สฟฟ.สระแก้ว,สฟฟ.สระแก้ว,สฟฟ.สระแก้ว,10.10.0.188,NE40E-X3(V8),"PE,6",C1,SKW,,,,,
,656,C1_HQ_DRC2_NE8K_3,C1_HQ_DRC2_NE8K_3,DRC#2,DRC#2,DRC#2,10.10.50.103,NetEngine 8000 M6,2,HQ,DRC#2,,,,,
,657,C1_SS_ATA_NE8KM14_1,C1_SS_ATA_NE8KM14_1,สฟฟ.อ่างทอง 1,สฟฟ.อ่างทอง 1,สฟฟ.อ่างทอง 1,10.10.0.179,NetEngine 8000 M14,"PE,3,4",C1,ATA,,,,,
,658,C3_SS_NPW_NE08_1,C3_SS_NPW_NE08_1,สฟฟ.นครปฐม 4 (ชค),สฟฟ.นครปฐม 4 (ชค),สฟฟ.นครปฐม 4 (ชค),10.10.54.44,NE08E-S6,12,C3,NPW,,,,,
,659,Cisco_DRC#2,Cisco_DRC#2,Cisco_DRC#2,Cisco_DRC#2,Cisco_DRC#2,10.10.0.18,3rd-Party ICMP Device,"PE,1,2",HQ,DRC#2,,,,,
,660,C3_EO_DAA_NE8KM14_1,C3_EO_DAA_NE8KM14_1,กฟอ.ด่านช้าง,กฟอ.ด่านช้าง,กฟอ.ด่านช้าง,10.10.0.180,NetEngine 8000 M14,"PE,11",C3,DAA,,,,,
,661,OSN_C2_EO_HKMK_1,OSN_C2_EO_HKMK_1,กฟย.เกาะหมาก,กฟย.เกาะหมาก,กฟย.เกาะหมาก,10.42.247.66,OptiX OSN 1800,10,C2,HKMK,,,,,
,662,C1_SS_ATA_NE08_2,C1_SS_ATA_NE08_2,สฟฟ.อ่างทอง 1,สฟฟ.อ่างทอง 1,สฟฟ.อ่างทอง 1,10.10.50.105,NE08E-S6E,4,C1,ATA,,,,,
,663,C2_SS_PYO_NE08_1,C2_SS_PYO_NE08_1,สฟฟ.พัทยาเหนือ 2,สฟฟ.พัทยาเหนือ 2,สฟฟ.พัทยาเหนือ 2,10.10.52.45,NE08E-S6,9,C2,PYO,,,,,
,664,C1_HQ_DRC2_NE8K_2,C1_HQ_DRC2_NE8K_2,DRC#2,DRC#2,DRC#2,10.10.50.102,NetEngine 8000 M6,1,HQ,DRC#2,,,,,
,665,HQ_SMC_NE8KM14_2,HQ_SMC_NE8KM14_2,PE SMC 2,PE SMC 2,PE SMC 2,10.10.0.182,NetEngine 8000 M14,"PE,1",HQ,SMC,,,,,
,666,C2_SS_AKU_NE8K_1,C2_SS_AKU_NE8K_1,สฟฟ.อมตะนคร 6 (ชค),สฟฟ.อมตะนคร 6 (ชค),สฟฟ.อมตะนคร 6 (ชค),10.10.52.43,NetEngine 8000 M6,14,C2,AKU,,,,,
,667,C1_SS_SKW_OSN,C1_SS_SKW_OSN,สฟฟ.สระแก้ว,สฟฟ.สระแก้ว,สฟฟ.สระแก้ว,10.43.85.210,OptiX OSN 1800 II TP,PE,C1,SKW,,,,,
,668,C2_SS_APA_NE8KM14_1,C2_SS_APA_NE8KM14_1,สฟฟ.อ่าวไผ่ 1 ,สฟฟ.อ่าวไผ่ 1 ,สฟฟ.อ่าวไผ่ 1 ,10.10.0.183,NetEngine 8000 M14,"PE,8,9",C2,APA,,,,,
,669,C1_SS_KBM_NE08_1,C1_SS_KBM_NE08_1,สฟฟ.กบินทร์บุรี 5,สฟฟ.กบินทร์บุรี 5,สฟฟ.กบินทร์บุรี 5,10.10.50.108,NE08E-S6,6,C1,KBM,,,,,
,670,C3_SS_SMO_NE8K_1,C3_SS_SMO_NE8K_1,สฟฟ.สมุทรสาคร 15,สฟฟ.สมุทรสาคร 15,สฟฟ.สมุทรสาคร 15,10.10.54.43,NetEngine 8000 M6,21,C3,SMO,,,,,
,671,C3_SS_XCA_NE8K_1,C3_SS_XCA_NE8K_1,สฟฟ.สามชุก,สฟฟ.สามชุก,สฟฟ.สามชุก,10.10.54.41,NetEngine 8000 M6,11,C3,XCA,,,,,
,672,C1_CCPAY_NE8K_1,C1_CCPAY_NE8K_1,โรงหล่อคอนกรีตอยุธยา,โรงหล่อคอนกรีตอยุธยา,โรงหล่อคอนกรีตอยุธยา,10.10.50.106,NetEngine 8000 M6,4,C1,CCPAY,,,,,
,673,C3_SS_SMK_NE8K_2,C3_SS_SMK_NE8K_2,สฟฟ.สมุทรสาคร 11,สฟฟ.สมุทรสาคร 11,สฟฟ.สมุทรสาคร 11,10.10.54.42,NetEngine 8000 M6,21,C3,SMK,,,,,
,674,C1_SS_SRG_NE08_1,C1_SS_SRG_NE08_1,สฟฟ.สระบุรี 7,สฟฟ.สระบุรี 7,สฟฟ.สระบุรี 7,10.10.50.107,NE08E-S6E,4,C1,SRC,,,,,
